n	group_ref	group_focal	mediator_col	outcome_col	a	se_a	p_a	b	se_b	p_b	c_total	se_c_total	p_c_total	c_prime	se_c_prime	p_c_prime	ab	se_ab_sobel	z_sobel	p_sobel	ab_boot_mean	ab_boot_ci_low	ab_boot_ci_high	a_boot_mean	a_boot_ci_low	a_boot_ci_high	b_boot_mean	b_boot_ci_low	b_boot_ci_high
5	WT	HO	EphB1_AMPK_energy_sensing	Membrane context_score	1.0024862264155459	0.43242185090183205	0.10324382988098771	-0.42761369326407483	0.3228932602580117	0.31647272609213806	0.16274547835513403	0.27052249671773143	0.5898659613234188	0.5914223160790512	0.4040612263623099	0.28084188716202907	-0.4286768377239171	0.3727876810412558	-1.1499222198720567	0.25017590820571134	0.2518239784341286	-1.1674490218037858	5.237566436046876	1.0016350993680552	0.5048139170230074	1.6375973671306958	0.3473575195565932	-0.8712829520459862	3.1983236790517298
5	WT	HO	EphB1_AMPK_energy_sensing	Oxidation_score	1.0024862264155459	0.43242185090183205	0.10324382988098771	0.6235609916410193	0.3742178770878245	0.2375764897196116	0.10234776187439153	0.35366354069594236	0.7911279302439007	-0.5227635435757497	0.46828767569190766	0.3804085293927031	0.6251113054501412	0.46199859975631835	1.3530588745936822	0.1760368225361182	-0.04497331259712599	-4.647071816345331	1.5670278972153984	1.0016350993680552	0.5048139170230074	1.6375973671306958	-0.16286618477216944	-2.8377377184525288	1.1676733624832318
5	WT	HO	EphB1_AMPK_energy_sensing	Remodeling_score	1.0024862264155459	0.43242185090183205	0.10324382988098771	0.6235609916410193	0.3742178770878245	0.2375764897196116	0.10234776187439153	0.35366354069594236	0.7911279302439007	-0.5227635435757497	0.46828767569190766	0.3804085293927031	0.6251113054501412	0.46199859975631835	1.3530588745936822	0.1760368225361182	-0.04497331259712599	-4.647071816345331	1.5670278972153984	1.0016350993680552	0.5048139170230074	1.6375973671306958	-0.16286618477216944	-2.8377377184525288	1.1676733624832318
5	WT	HO	EphB1_AMPK_energy_sensing	Supply_score	1.0024862264155459	0.43242185090183205	0.10324382988098771	-0.08559377279416659	0.36480082672988345	0.8363277875069853	-0.16498469403937993	0.22613867738180696	0.5184545242851035	-0.07917811574628625	0.4565033946780989	0.8782681435640205	-0.08580657829309368	0.36757602194002925	-0.23343899811585966	0.8154205334092146	1.0156509464081718	-0.5736353035679213	10.095935950672239	1.0016350993680552	0.5048139170230074	1.6375973671306958	1.0870107063793049	-0.4281117645019154	6.165090487634182
5	WT	HO	EphB1_AMPK_energy_sensing	Synthesis_score	1.0024862264155459	0.43242185090183205	0.10324382988098771	-0.8006392228347671	0.4819150251898197	0.23852430613941863	-0.38782247123451186	0.4546617803223049	0.4563540033145877	0.41480732198538917	0.603057418804673	0.5626141252303111	-0.802629793219901	0.5943588148214403	-1.35041287048301	0.17688358469606835	0.17461853078695466	-1.9745621773296198	7.155259605339494	1.0016350993680552	0.5048139170230074	1.6375973671306958	0.31997286180455975	-1.4736423867176367	4.369364380376676
5	WT	HO	EphB1_AMPK_energy_sensing	Transport_score	1.0024862264155459	0.43242185090183205	0.10324382988098771	0.11429930751240627	0.8285421084797239	0.9029137923073169	0.7111413117656326	0.5090889765492134	0.25684514445723466	0.5965578302956103	1.0368186074172618	0.6231456338691022	0.11458348147002222	0.8320713011648767	0.1377087291793486	0.8904706202463897	-2.521307970574745	-24.580373818831735	1.0316371514429434	1.0016350993680552	0.5048139170230074	1.6375973671306958	-2.6559941824727042	-15.01002280059844	0.7699247213045249
5	WT	HO	EphB1_cytoskeleton_FAQ_Src_Rho	Membrane context_score	0.9068086125381939	0.40835991167250024	0.11297887544147486	-0.4259820117592545	0.3587435305432057	0.35697038580273754	0.16274547835513403	0.27052249671773143	0.5898659613234188	0.5490296354047722	0.4125668068048814	0.3147060626497876	-0.38628415704963814	0.3689006685444434	-1.0471224098719691	0.29504312481565265	-1.5205299537123522	-15.596035541062385	0.8352067605633801	0.9028160787422909	0.3912695462043391	1.4960153805807466	-2.279558092314884	-18.410629041124164	0.5635539991549291
5	WT	HO	EphB1_cytoskeleton_FAQ_Src_Rho	Oxidation_score	0.9068086125381939	0.40835991167250024	0.11297887544147486	0.6425907096507919	0.41056934257390554	0.2580284500963904	0.10234776187439153	0.35366354069594236	0.7911279302439007	-0.4803590279739765	0.47216818762197943	0.41603044315224424	0.582706789848368	0.4554900855535843	1.2792963191288118	0.20079272832228168	1.8277234614343163	-0.741043735717194	17.366906575062757	0.9028160787422909	0.3912695462043391	1.4960153805807466	2.680250456885748	-0.5000176968520142	20.50108655520289
5	WT	HO	EphB1_cytoskeleton_FAQ_Src_Rho	Remodeling_score	0.9068086125381939	0.40835991167250024	0.11297887544147486	0.6425907096507919	0.41056934257390554	0.2580284500963904	0.10234776187439153	0.35366354069594236	0.7911279302439007	-0.4803590279739765	0.47216818762197943	0.41603044315224424	0.582706789848368	0.4554900855535843	1.2792963191288118	0.20079272832228168	1.8277234614343163	-0.741043735717194	17.366906575062757	0.9028160787422909	0.3912695462043391	1.4960153805807466	2.680250456885748	-0.5000176968520142	20.50108655520289
5	WT	HO	EphB1_cytoskeleton_FAQ_Src_Rho	Supply_score	0.9068086125381939	0.40835991167250024	0.11297887544147486	-0.0044284981237723625	0.39156409474035986	0.9920030437800242	-0.16498469403937993	0.22613867738180696	0.5184545242851035	-0.16096889380013393	0.45031153030651877	0.7549438060031846	-0.004015800239246011	0.35507829866414087	-0.011309618904771338	0.9909764220515811	-1.1884173646174225	-15.98425579750486	1.6099450122833459	0.9028160787422909	0.3912695462043391	1.4960153805807466	-1.9391307478940047	-18.86891083387811	1.086306999574342
5	WT	HO	EphB1_cytoskeleton_FAQ_Src_Rho	Synthesis_score	0.9068086125381939	0.40835991167250024	0.11297887544147486	-0.7979761427894662	0.5490264679676709	0.28328819071779204	-0.38782247123451186	0.4546617803223049	0.4563540033145877	0.33578916764698363	0.6313984154579882	0.6480132203751747	-0.7236116388814955	0.5950228540199578	-1.2161073041023474	0.22394404849574245	-2.160840125809353	-20.500177838458857	1.1410110533082163	0.9028160787422909	0.3912695462043391	1.4960153805807466	-3.1591497349531132	-24.199814655925763	0.7698948003462998
5	WT	HO	EphB1_cytoskeleton_FAQ_Src_Rho	Transport_score	0.9068086125381939	0.40835991167250024	0.11297887544147486	-0.12483048418657655	0.8770965962448409	0.8998686519555035	0.7111413117656326	0.5090889765492134	0.25684514445723466	0.8243386699333329	1.0086898052885813	0.49966003847237006	-0.11319735816770043	0.7969906309970679	-0.14203097723505972	0.8870555374200118	2.0925521890433076	-3.919700998801732	30.43786678331041	0.9028160787422909	0.3912695462043391	1.4960153805807466	3.4942067826084178	-2.6448099772040314	35.93094364752329
5	WT	HO	EphB1_integrin_caveolae_membrane_microdomain	Membrane context_score	1.303944248700124	0.4087804964791312	0.04971719645576106	-0.18711962588808248	0.44885307807173036	0.717247716919707	0.16274547835513403	0.27052249671773143	0.5898659613234188	0.406739038350818	0.6659949848082297	0.6035416898305352	-0.24399355999568398	0.5902565667947886	-0.413368649705361	0.6793365400376115	-0.24886111019270774	-2.3418461437771425	1.3760967874704586	1.2959880460296493	0.7160512033494832	1.9133561410197695	-0.14846280592185868	-1.2666846875314726	0.9513167985418765
5	WT	HO	EphB1_integrin_caveolae_membrane_microdomain	Oxidation_score	1.303944248700124	0.4087804964791312	0.04971719645576106	0.3565868786545057	0.5573869164253249	0.5878405757984175	0.10234776187439153	0.35366354069594236	0.7911279302439007	-0.36262164770908023	0.8270342993563403	0.7038679407741856	0.46496940958347177	0.74127459500494	0.6272566370366074	0.5304910229275768	0.46981606534630055	-1.5323473893940294	3.1384883116344033	1.2959880460296493	0.7160512033494832	1.9133561410197695	0.30837376421057183	-1.0593352342693587	1.6975816694481027
5	WT	HO	EphB1_integrin_caveolae_membrane_microdomain	Remodeling_score	1.303944248700124	0.4087804964791312	0.04971719645576106	0.3565868786545057	0.5573869164253249	0.5878405757984175	0.10234776187439153	0.35366354069594236	0.7911279302439007	-0.36262164770908023	0.8270342993563403	0.7038679407741856	0.46496940958347177	0.74127459500494	0.6272566370366074	0.5304910229275768	0.46981606534630055	-1.5323473893940294	3.1384883116344033	1.2959880460296493	0.7160512033494832	1.9133561410197695	0.30837376421057183	-1.0593352342693587	1.6975816694481027
5	WT	HO	EphB1_integrin_caveolae_membrane_microdomain	Supply_score	1.303944248700124	0.4087804964791312	0.04971719645576106	0.21486996664641048	0.36046128378847947	0.6115894341423243	-0.16498469403937993	0.22613867738180696	0.5184545242851035	-0.4451631512663543	0.5348418423506922	0.4927823202602608	0.28017845722697443	0.4781579857021388	0.5859537341315205	0.5579066061632947	0.25908405470176765	-1.1506846110671096	1.4103509186767442	1.2959880460296493	0.7160512033494832	1.9133561410197695	0.23153894605681863	-0.6223955322128631	0.9749972044062762
5	WT	HO	EphB1_integrin_caveolae_membrane_microdomain	Synthesis_score	1.303944248700124	0.4087804964791312	0.04971719645576106	-0.4256982388142226	0.7265870649994453	0.6172602471898765	-0.38782247123451186	0.4546617803223049	0.4563540033145877	0.16726429894906558	1.0780884992367816	0.8909474188924618	-0.5550867701835774	0.9632775927743681	-0.5762479832888601	0.5644475764994843	-0.5776012515657908	-3.960876007658986	1.8088076801186028	1.2959880460296493	0.7160512033494832	1.9133561410197695	-0.3787711241811712	-2.1424041888679604	1.2504564701378815
5	WT	HO	EphB1_integrin_caveolae_membrane_microdomain	Transport_score	1.303944248700124	0.4087804964791312	0.04971719645576106	-0.5945502072151392	0.7737871495451318	0.5225971488626795	0.7111413117656326	0.5090889765492134	0.25684514445723466	1.4864016350272804	1.1481225953044667	0.32476462300105613	-0.7752603232616477	1.0378342167644936	-0.746998230294011	0.45506462908108203	-0.6962525987763268	-2.88717375364373	2.069414115531241	1.2959880460296493	0.7160512033494832	1.9133561410197695	-0.5968117796860436	-1.8566291354303068	1.1193285174904979
5	WT	HO	EphB1_JAK_STAT_inflammatory	Membrane context_score	0.5982615631549011	0.38058573391276107	0.21400588076309293	-0.31957885554734755	0.448951028702911	0.550399117422032	0.16274547835513403	0.27052249671773143	0.5898659613234188	0.3539372240261445	0.3996555401721247	0.469259062188917	-0.19119174567101047	0.2948454340549915	-0.648447367970268	0.516695641915504	-0.34758002338516275	-2.6357684623809012	0.37182361547683573	0.5935265315488916	0.02695242218389357	1.1397877647812908	-0.5192460541522149	-2.3125081210945164	0.40701103097461183
5	WT	HO	EphB1_JAK_STAT_inflammatory	Oxidation_score	0.5982615631549011	0.38058573391276107	0.21400588076309293	0.4832852157389998	0.5612315495061562	0.47992530369607145	0.10234776187439153	0.35366354069594236	0.7911279302439007	-0.1867832067432761	0.4996074933329739	0.7444209730328799	0.2891309686176676	0.3828416787033836	0.7552233330417487	0.45011499077545847	0.5310519138885113	-0.32990341320389555	3.908043296303963	0.5935265315488916	0.02695242218389357	1.1397877647812908	0.7807527371691635	-0.36112372302647905	3.4287464886534056
5	WT	HO	EphB1_JAK_STAT_inflammatory	Remodeling_score	0.5982615631549011	0.38058573391276107	0.21400588076309293	0.4832852157389998	0.5612315495061562	0.47992530369607145	0.10234776187439153	0.35366354069594236	0.7911279302439007	-0.1867832067432761	0.4996074933329739	0.7444209730328799	0.2891309686176676	0.3828416787033836	0.7552233330417487	0.45011499077545847	0.5310519138885113	-0.32990341320389555	3.908043296303963	0.5935265315488916	0.02695242218389357	1.1397877647812908	0.7807527371691635	-0.36112372302647905	3.4287464886534056
5	WT	HO	EphB1_JAK_STAT_inflammatory	Supply_score	0.5982615631549011	0.38058573391276107	0.21400588076309293	0.029961436193263837	0.41961839677047724	0.9495756528042245	-0.16498469403937993	0.22613867738180696	0.5184545242851035	-0.1829094696907278	0.37354367471210703	0.6728150094817497	0.01792477565134785	0.25130039763558626	0.07132808312281616	0.9431366450464067	0.01577531686617953	-0.42978858638169865	0.71672740625603	0.5935265315488916	0.02695242218389357	1.1397877647812908	-0.002826708426549905	-0.45260249154315274	0.784554687775607
5	WT	HO	EphB1_JAK_STAT_inflammatory	Synthesis_score	0.5982615631549011	0.38058573391276107	0.21400588076309293	-0.5654261422206073	0.7441272470712522	0.5266962550537173	-0.38782247123451186	0.4546617803223049	0.4563540033145877	-0.04954974354096597	0.6624209721587593	0.947181544465079	-0.33827272769354594	0.4944651084022963	-0.6841184988493214	0.4939003414454184	-0.6581999713617475	-5.082722952480528	0.5079638661616159	0.5935265315488916	0.02695242218389357	1.1397877647812908	-0.9586284753466582	-4.459359110119797	0.5560348731458374
5	WT	HO	EphB1_JAK_STAT_inflammatory	Transport_score	0.5982615631549011	0.38058573391276107	0.21400588076309293	-0.23718998068523264	0.9308699365666641	0.8226810498083601	0.7111413117656326	0.5090889765492134	0.25684514445723466	0.8530429603750607	0.8286590374976667	0.41148928533294515	-0.14190164860942808	0.5641725005916497	-0.25152173929182176	0.8014107567782802	-0.1496196439397567	-1.7450019154293306	0.7770133015086543	0.5935265315488916	0.02695242218389357	1.1397877647812908	-0.1788234459230882	-1.9101396444137668	0.8618639815270809
5	WT	HO	EphB1_MAPK_ERK_p38_JNK	Membrane context_score	1.129881435261171	0.46045990549258514	0.09136901464116413	-0.19511888135643002	0.39184866148390113	0.6678855815716276	0.16274547835513403	0.27052249671773143	0.5898659613234188	0.3832066800686913	0.5419285449443814	0.552781427284466	-0.2204612017135573	0.4517664952634543	-0.48799812297942124	0.6255511705978658	-0.20655578426585458	-1.8978842533480063	0.8113956439942994	1.121922025330158	0.504347487940766	1.7855090139541798	-0.1298763710440543	-1.104143633282818	0.6656917787201461
5	WT	HO	EphB1_MAPK_ERK_p38_JNK	Oxidation_score	1.129881435261171	0.46045990549258514	0.09136901464116413	0.35171462608698406	0.4828157059074787	0.5420775260868426	0.10234776187439153	0.35366354069594236	0.7911279302439007	-0.2950480646511161	0.6677363959541918	0.7017733690652838	0.39739582652550764	0.5690561854604531	0.6983419856933001	0.4849633480542883	0.37878032642122395	-0.9035265601672244	2.543500802473958	1.121922025330158	0.504347487940766	1.7855090139541798	0.26966054500227216	-0.7412785703380491	1.4797478889174371
5	WT	HO	EphB1_MAPK_ERK_p38_JNK	Remodeling_score	1.129881435261171	0.46045990549258514	0.09136901464116413	0.35171462608698406	0.4828157059074787	0.5420775260868426	0.10234776187439153	0.35366354069594236	0.7911279302439007	-0.2950480646511161	0.6677363959541918	0.7017733690652838	0.39739582652550764	0.5690561854604531	0.6983419856933001	0.4849633480542883	0.37878032642122395	-0.9035265601672244	2.543500802473958	1.121922025330158	0.504347487940766	1.7855090139541798	0.26966054500227216	-0.7412785703380491	1.4797478889174371
5	WT	HO	EphB1_MAPK_ERK_p38_JNK	Supply_score	1.129881435261171	0.46045990549258514	0.09136901464116413	0.16101243830311524	0.3280767805439315	0.6721490857620637	-0.16498469403937993	0.22613867738180696	0.5184545242851035	-0.3469096589242045	0.4537317331566654	0.5244202875290388	0.1819249648848246	0.3780293614098335	0.48124559480339946	0.6303419590419965	0.18735169596286008	-0.9325404274389285	1.154892120714975	1.121922025330158	0.504347487940766	1.7855090139541798	0.20511561097765055	-0.5425297005964077	0.6930374466217946
5	WT	HO	EphB1_MAPK_ERK_p38_JNK	Synthesis_score	1.129881435261171	0.46045990549258514	0.09136901464116413	-0.428588852902977	0.6290016269515257	0.5659455198477814	-0.38782247123451186	0.4546617803223049	0.4563540033145877	0.09643211702044266	0.8699122134821775	0.92185500468111925	-0.48425458825495454	0.7375885188429459	-0.6565375895690514	0.5114782899533414	-0.4624507472584411	-3.209982100820402	1.0665373873661308	1.121922025330158	0.504347487940766	1.7855090139541798	-0.32791608270949196	-1.8674907562567529	0.87501723200314
5	WT	HO	EphB1_MAPK_ERK_p38_JNK	Transport_score	1.129881435261171	0.46045990549258514	0.09136901464116413	-0.45415463827542146	0.71278206996049	0.5892270085343241	0.7111413117656326	0.5090889765492134	0.25684514445723466	1.2242822062907837	0.9857809608774242	0.34014094854317845	-0.5131408945251511	0.8320665007466712	-0.6167065902360858	0.5374282735767548	-0.5189436245431618	-2.811792803192975	1.6770992722810525	1.121922025330158	0.504347487940766	1.7855090139541798	-0.5343391926681651	-1.6873244433843768	0.9756962157232371
5	WT	HO	EphB1_mito_stress_cell_death	Membrane context_score	0.7759722175576902	0.6610388570101947	0.3251568979010807	-0.12867951531666694	0.2746977119447814	0.6855634531041945	0.16274547835513403	0.27052249671773143	0.5898659613234188	0.2625972072096568	0.3799427850437235	0.5609149571535594	-0.0998517288545228	0.2295034108768935	-0.4350773196485679	0.6635063054635157	-0.13676918582474087	-1.3472869186454957	0.406982841261188	0.7647924708743438	-0.1030019904197442	1.7017111144661228	-0.09769352106626342	-0.8309007528105207	0.3879800263337505
5	WT	HO	EphB1_mito_stress_cell_death	Oxidation_score	0.7759722175576902	0.6610388570101947	0.3251568979010807	0.23531763400881717	0.33975223285809303	0.5601635964130455	0.10234776187439153	0.35366354069594236	0.7911279302439007	-0.08025218441785925	0.4699216774068942	0.880112833462145	0.1825999462922508	0.3061081962267356	0.5965209313016835	0.5508272750651901	0.22908249363560496	-0.4170448723956523	1.805602924779166	0.7647924708743438	-0.1030019904197442	1.7017111144661228	0.19668294708898243	-0.43203369552398746	1.1135540683377234
5	WT	HO	EphB1_mito_stress_cell_death	Remodeling_score	0.7759722175576902	0.6610388570101947	0.3251568979010807	0.23531763400881717	0.33975223285809303	0.5601635964130455	0.10234776187439153	0.35366354069594236	0.7911279302439007	-0.08025218441785925	0.4699216774068942	0.880112833462145	0.1825999462922508	0.3061081962267356	0.5965209313016835	0.5508272750651901	0.22908249363560496	-0.4170448723956523	1.805602924779166	0.7647924708743438	-0.1030019904197442	1.7017111144661228	0.19668294708898243	-0.43203369552398746	1.1135540683377234
5	WT	HO	EphB1_mito_stress_cell_death	Supply_score	0.7759722175576902	0.6610388570101947	0.3251568979010807	0.1142054703788806	0.2280205142121816	0.6661594802020345	-0.16498469403937993	0.22613867738180696	0.5184545242851035	-0.25360496614649897	0.3153821289719849	0.5057168230299036	0.08862027210711908	0.192370192547628	0.46067569478144604	0.645031295310103	0.0642532619578062	-0.6620000754946815	0.7822467288810914	0.7647924708743438	-0.1030019904197442	1.7017111144661228	0.1378228714910367	-0.40826965175476904	0.50818215193266
5	WT	HO	EphB1_mito_stress_cell_death	Synthesis_score	0.7759722175576902	0.6610388570101947	0.3251568979010807	-0.2881323347299692	0.44161467721447895	0.5810805362118676	-0.38782247123451186	0.4546617803223049	0.4563540033145877	-0.16423978450402302	0.6108107315097776	0.813213577128495	-0.22358268673048887	0.3920556442723828	-0.5702830452688332	0.5684857385158066	-0.2800964977008608	-2.278730584276839	0.5543991610009311	0.7647924708743438	-0.1030019904197442	1.7017111144661228	-0.2387016136147337	-1.4053420483229546	0.5099795724798691
5	WT	HO	EphB1_mito_stress_cell_death	Transport_score	0.7759722175576902	0.6610388570101947	0.3251568979010807	-0.3158121828672028	0.49667401562251884	0.5899260561336291	0.7111413117656326	0.5090889765492134	0.25684514445723466	0.9562027916368306	0.686964982046894	0.2985320950968148	-0.24506147987119814	0.43831456349994413	-0.559099560631481	0.5760937745996086	-0.202043884659972	-1.9045205029430927	1.190554116684492	0.7647924708743438	-0.1030019904197442	1.7017111144661228	-0.3639924294905653	-1.2372609457502937	0.7342402706688048
5	WT	HO	EphB1_NFkB_inflammation_ROS	Membrane context_score	0.32732816646232027	0.16103564244225946	0.1349995113350342	-1.2992735779493914	0.7529692870859724	0.22657317645693856	0.16274547835513403	0.27052249671773143	0.5898659613234188	0.5880343163582469	0.32381283150198814	0.21102536529291485	-0.42528883800311285	0.3233008286917125	-1.3154585459125199	0.18835584048577236	-0.27018180982548595	-0.7708251923366758	1.0837053270797596	0.32653925728320005	0.12916482426102352	0.557366670537777	-0.8376006620807624	-2.5356633945214657	1.9443310559530647
5	WT	HO	EphB1_NFkB_inflammation_ROS	Oxidation_score	0.32732816646232027	0.16103564244225946	0.1349995113350342	1.8638264857785372	0.8213906364666318	0.15133322776890631	0.10234776187439153	0.35366354069594236	0.7911279302439007	-0.5077351443194068	0.3532372864673185	0.2871729200081787	0.6100829061937985	0.4029559834451189	1.5140187297327712	0.13002108918577382	0.4315857346653786	-0.9615260339297353	1.0958377311139695	0.32653925728320005	0.12916482426102352	0.557366670537777	1.30715101164832	-1.7251229482416015	2.8235784127650856
5	WT	HO	EphB1_NFkB_inflammation_ROS	Remodeling_score	0.32732816646232027	0.16103564244225946	0.1349995113350342	1.8638264857785372	0.8213906364666318	0.15133322776890631	0.10234776187439153	0.35366354069594236	0.7911279302439007	-0.5077351443194068	0.3532372864673185	0.2871729200081787	0.6100829061937985	0.4029559834451189	1.5140187297327712	0.13002108918577382	0.4315857346653786	-0.9615260339297353	1.0958377311139695	0.32653925728320005	0.12916482426102352	0.557366670537777	1.30715101164832	-1.7251229482416015	2.8235784127650856
5	WT	HO	EphB1_NFkB_inflammation_ROS	Supply_score	0.32732816646232027	0.16103564244225946	0.1349995113350342	-0.28259519109104914	0.9726598449882108	0.7987611023672622	-0.16498469403937993	0.22613867738180696	0.5184545242851035	-0.0724833282884778	0.41829028606575286	0.8783787742432709	-0.09250136575090213	0.3216148835015288	-0.2876153141415871	0.7736412210164674	0.0866915587775682	-0.7234281005796297	2.0889509861487205	0.32653925728320005	0.12916482426102352	0.557366670537777	0.20350156759073287	-2.5987817357615275	3.747893615764987
5	WT	HO	EphB1_NFkB_inflammation_ROS	Synthesis_score	0.32732816646232027	0.16103564244225946	0.1349995113350342	-2.323553186560182	1.134122767117591	0.17702587650708296	-0.38782247123451186	0.4546617803223049	0.4563540033145877	0.37274193299991404	0.4877270703994677	0.524577759766887	-0.760564404234426	0.5270851883739985	-1.4429629612258426	0.14903090529795593	-0.5079391740410774	-1.4252246369416728	1.4804953876246403	0.32653925728320005	0.12916482426102352	0.557366670537777	-1.514960429438959	-3.3329976960683045	2.656232361716534
5	WT	HO	EphB1_NFkB_inflammation_ROS	Transport_score	0.32732816646232027	0.16103564244225946	0.1349995113350342	0.2660128728943394	2.227479481604893	0.9158544854480659	0.7111413117656326	0.5090889765492134	0.25684514445723466	0.6240678058257543	0.9579227870534728	0.5815951034523266	0.08707350593987837	0.730374100682255	0.11921768017039694	0.9051028997934094	-0.3415679894419332	-5.085927285952501	1.3775810667509036	0.32653925728320005	0.12916482426102352	0.557366670537777	-0.9467564670381212	-9.124921806044357	4.9487053557011595
5	WT	HO	EphB1_PGC1_NRF_mito_biogenesis	Membrane context_score	0.8303628101000012	0.6250716596431265	0.2760505437706975	-0.11436751682717586	0.29514751915868087	0.7357414099759034	0.16274547835513403	0.27052249671773143	0.5898659613234188	0.25771201101190694	0.4027056322551453	0.5877315588364962	-0.09496653265677292	0.2552929527343659	-0.37199041978877595	0.7098999822512817	-0.19177883576370666	-1.9905357558763959	0.6070408649490137	0.8217787621277798	-0.01007764270897871	1.6232222807926135	-0.13302808858159756	-1.2667085546423644	0.40035000139731153
5	WT	HO	EphB1_PGC1_NRF_mito_biogenesis	Oxidation_score	0.8303628101000012	0.6250716596431265	0.2760505437706975	0.2150031177136889	0.3700673390342169	0.619999405781881	0.10234776187439153	0.35366354069594236	0.7911279302439007	-0.07618283113060856	0.5049278481742248	0.8939147175747086	0.17853059300500007	0.3353931200198976	0.5323024902669695	0.5945165077525489	0.3167098782851503	-0.5386017589122198	2.667670214078304	0.8217787621277798	-0.01007764270897871	1.6232222807926135	0.2529667001770047	-0.3552136723961947	1.6976136556008932
5	WT	HO	EphB1_PGC1_NRF_mito_biogenesis	Remodeling_score	0.8303628101000012	0.6250716596431265	0.2760505437706975	0.2150031177136889	0.3700673390342169	0.619999405781881	0.10234776187439153	0.35366354069594236	0.7911279302439007	-0.07618283113060856	0.5049278481742248	0.8939147175747086	0.17853059300500007	0.3353931200198976	0.5323024902669695	0.5945165077525489	0.3167098782851503	-0.5386017589122198	2.667670214078304	0.8217787621277798	-0.01007764270897871	1.6232222807926135	0.2529667001770047	-0.3552136723961947	1.6976136556008932
5	WT	HO	EphB1_PGC1_NRF_mito_biogenesis	Supply_score	0.8303628101000012	0.6250716596431265	0.2760505437706975	0.11081065035722011	0.24352213481093127	0.693707427995711	-0.16498469403937993	0.22613867738180696	0.5184545242851035	-0.2569977370590099	0.3322668459037069	0.5201543006965647	0.09201304301963	0.21374556325688393	0.4304793120269204	0.6668470125263828	0.08029186273593059	-0.9780654754592519	1.1701323060622781	0.8217787621277798	-0.01007764270897871	1.6232222807926135	0.14949512712435623	-0.622407259506429	0.7717148834888065
5	WT	HO	EphB1_PGC1_NRF_mito_biogenesis	Synthesis_score	0.8303628101000012	0.6250716596431265	0.2760505437706975	-0.27101478118424815	0.47729761944481336	0.6274073027590567	-0.38782247123451186	0.4546617803223049	0.4563540033145877	-0.16278187595172264	0.6512351523749746	0.825950247163472	-0.22504059528278925	0.43101649761885785	-0.5221159666184974	0.6015895902100015	-0.3843065604130189	-3.3666880033039672	0.8293040351462092	0.8217787621277798	-0.01007764270897871	1.6232222807926135	-0.30404414755381526	-2.142444556450244	0.5469349607253658
5	WT	HO	EphB1_PGC1_NRF_mito_biogenesis	Transport_score	0.8303628101000012	0.6250716596431265	0.2760505437706975	-0.2879927688524363	0.5386962541751829	0.6463955687824452	0.7111413117656326	0.5090889765492134	0.25684514445723466	0.9502797965984217	0.7350087720522687	0.3252629243255001	-0.2391384848327891	0.4821773768749424	-0.4959554228418562	0.619925862024018	-0.2657433228463853	-2.8488977783765836	1.7589724250784353	0.8217787621277798	-0.01007764270897871	1.6232222807926135	-0.41112560782272606	-1.8788788291042973	1.1193496080887457
5	WT	HO	EphB1_PI3K_AKT_mTOR	Membrane context_score	0.8781880574947947	0.29245015191454754	0.057537486170625145	-0.4890886367208103	0.5551828225185059	0.4712674626172608	0.16274547835513403	0.27052249671773143	0.5898659613234188	0.5922572781797597	0.56284574147222	0.40305602524942064	-0.42951179982462573	0.5081028859526094	-0.8453244641965804	0.39792970555880647	-2.092179368880254	-20.413471441349074	0.7422932286871102	0.8741077136583553	0.4723373075782404	1.327823334223055	-2.877680455036222	-22.511131242035482	0.5912755002012033
5	WT	HO	EphB1_PI3K_AKT_mTOR	Oxidation_score	0.8781880574947947	0.29245015191454754	0.057537486170625145	0.7725329792648771	0.6578863225792826	0.36117987536846674	0.10234776187439153	0.35366354069594236	0.7911279302439007	-0.5760814745368973	0.6669668080810003	0.47877332904764647	0.6784292364112889	0.6203513792285802	1.093620904421829	0.2741212770414827	2.505610346342151	-0.6586054772986133	22.731344158662484	0.8741077136583553	0.4723373075782404	1.327823334223055	3.3979942773320797	-0.5246138156396091	25.067185320916224
5	WT	HO	EphB1_PI3K_AKT_mTOR	Remodeling_score	0.8781880574947947	0.29245015191454754	0.057537486170625145	0.7725329792648771	0.6578863225792826	0.36117987536846674	0.10234776187439153	0.35366354069594236	0.7911279302439007	-0.5760814745368973	0.6669668080810003	0.47877332904764647	0.6784292364112889	0.6203513792285802	1.093620904421829	0.2741212770414827	2.505610346342151	-0.6586054772986133	22.731344158662484	0.8741077136583553	0.4723373075782404	1.327823334223055	3.3979942773320797	-0.5246138156396091	25.067185320916224
5	WT	HO	EphB1_PI3K_AKT_mTOR	Supply_score	0.8781880574947947	0.29245015191454754	0.057537486170625145	0.1023442407167235	0.5419638669576855	0.867644981868136	-0.16498469403937993	0.22613867738180696	0.5184545242851035	-0.254862183990179	0.5494443310856977	0.6883414381254214	0.08987748995079908	0.4768863818634411	0.18846730242034038	0.850510345083471	-1.6680475951135698	-20.921608467388563	1.4308448369962967	0.8741077136583553	0.4723373075782404	1.327823334223055	-2.4202683105140252	-23.071483718828947	1.1397429802797088
5	WT	HO	EphB1_PI3K_AKT_mTOR	Synthesis_score	0.8781880574947947	0.29245015191454754	0.057537486170625145	-0.9443270368213298	0.8732775074765678	0.3925845599345531	-0.38782247123451186	0.4546617803223049	0.4563540033145877	0.44147425487142716	0.8853309329293544	0.6674643566726381	-0.8292967261059391	0.8151120033120787	-1.017402176309787	0.3089621471411128	-2.9706187825811665	-26.832446857802612	1.014077972927955	0.8741077136583553	0.4723373075782404	1.327823334223055	-4.0196054671910035	-29.58971160277179	0.8077663078599101
5	WT	HO	EphB1_PI3K_AKT_mTOR	Transport_score	0.8781880574947947	0.29245015191454754	0.057537486170625145	-0.4230968044098702	1.194000742072284	0.756948725224922	0.7111413117656326	0.5090889765492134	0.25684514445723466	1.0826998725625916	1.2104809546186104	0.4654730049926922	-0.371558560796959	1.0558325945361529	-0.35191048535510655	0.7249053954023836	2.972916737849156	-3.4836493755462534	39.83977355532299	0.8741077136583553	0.4723373075782404	1.327823334223055	4.37193238870597	-2.774909493240119	43.93365301602915
5	WT	HO	Membrane_context_mito_mass_surface_area	Membrane context_score	0.6510995340194937	0.7720012955708382	0.46094474572958244	-0.13213094884017487	0.2294924770339296	0.6229324180899697	0.16274547835513403	0.27052249671773143	0.5898659613234188	0.24877587757452543	0.34131083800882017	0.5418698878857802	-0.08603039921939143	0.18092026102032444	-0.47551555991690087	0.6344195453536745	-0.13530331490185582	-1.1845749998682762	0.6768302414066709	0.6429428756236617	-0.3863741377349574	1.6801621471478225	-0.08014715603750612	-0.8051915746494185	0.4262645302048971
5	WT	HO	Membrane_context_mito_mass_surface_area	Oxidation_score	0.6510995340194937	0.7720012955708382	0.46094474572958244	0.22189858329613996	0.283397421231134	0.5156243884997134	0.10234776187439153	0.35366354069594236	0.7911279302439007	-0.042130302309311016	0.42148053208574787	0.9294949967591548	0.14447806418370254	0.2517803560085824	0.5738257998919413	0.5660856881305172	0.2205825295520885	-0.600522929436116	1.5875401555392301	0.6429428756236617	-0.3863741377349574	1.6801621471478225	0.17355981646295413	-0.37820654092131334	1.0790992193824436
5	WT	HO	Membrane_context_mito_mass_surface_area	Remodeling_score	0.6510995340194937	0.7720012955708382	0.46094474572958244	0.22189858329613996	0.283397421231134	0.5156243884997134	0.10234776187439153	0.35366354069594236	0.7911279302439007	-0.042130302309311016	0.42148053208574787	0.9294949967591548	0.14447806418370254	0.2517803560085824	0.5738257998919413	0.5660856881305172	0.2205825295520885	-0.600522929436116	1.5875401555392301	0.6429428756236617	-0.3863741377349574	1.6801621471478225	0.17355981646295413	-0.37820654092131334	1.0790992193824436
5	WT	HO	Membrane_context_mito_mass_surface_area	Supply_score	0.6510995340194937	0.7720012955708382	0.46094474572958244	0.05394005374174266	0.20358742150543388	0.8158572790205233	-0.16498469403937993	0.22613867738180696	0.5184545242851035	-0.20010503789561504	0.3027837528277722	0.5766316822854307	0.035120343856235095	0.13894259906921408	0.25276872673685874	0.8004469355255746	0.05005705444281859	-0.5820502882417213	1.3046583466113044	0.6429428756236617	-0.3863741377349574	1.6801621471478225	0.15216852965785022	-0.39563724387785854	0.8216677435103213
5	WT	HO	Membrane_context_mito_mass_surface_area	Synthesis_score	0.6510995340194937	0.7720012955708382	0.46094474572958244	-0.2825738298057738	0.3653774371861227	0.5201985912476994	-0.38782247123451186	0.4546617803223049	0.4563540033145877	-0.2038387823218688	0.543404650502217	0.743619800054534	-0.18398368891264302	0.3227743671606449	-0.5700071245777527	0.5686728658673856	-0.2662055231559836	-2.0035281603441684	0.9246462350680121	0.6429428756236617	-0.3863741377349574	1.6801621471478225	-0.2041224705801721	-1.3618588898646036	0.5823378875297225
5	WT	HO	Membrane_context_mito_mass_surface_area	Transport_score	0.6510995340194937	0.7720012955708382	0.46094474572958244	-0.15488611820436102	0.4532505705649604	0.7651249792713873	0.7111413117656326	0.5090889765492134	0.25684514445723466	0.8119875911545803	0.6740932603408643	0.35157651623070385	-0.10084627938894768	0.3184150942959897	-0.3167132500797962	0.7514611938865652	-0.1746662436142539	-3.176425645155711	1.0467708274289227	0.6429428756236617	-0.3863741377349574	1.6801621471478225	-0.4030820254883002	-2.0004980607087584	0.7115218968223138
5	WT	HO	Membrane_context_OXPHOS_supercomplex_organization	Membrane context_score	0.939704220979062	0.71287956664982155	0.2790539112851294	-0.02790576829109827	0.26760533436239825	0.9264628552236611	0.16274547835513403	0.27052249671773143	0.5898659613234188	0.18896864660794274	0.415231380461521	0.6936713018267816	-0.026223168252808713	0.2522555074844037	-0.10395478978563046	0.9172052266339525	-0.35871385111980025	-4.6007247527813835	0.4477340886938582	0.9274245334852834	-0.07532384729608214	1.8684648969134128	-0.24840121380838504	-2.462301946577373	0.2873516824783141
5	WT	HO	Membrane_context_OXPHOS_supercomplex_organization	Oxidation_score	0.939704220979062	0.71287956664982155	0.2790539112851294	0.09684417818806904	0.3440508431295254	0.804791198879549	0.10234776187439153	0.35366354069594236	0.7911279302439007	0.011342878853814643	0.5338485007483343	0.9849775330118933	0.09100488302057688	0.33059501920573964	0.27527602575264964	0.7831041818918583	0.5392834513971114	-0.39725557473915124	6.165785442404171	0.9274245334852834	-0.07532384729608214	1.8684648969134128	0.3958365212487392	-0.2549550294644577	3.2999204066341674
5	WT	HO	Membrane_context_OXPHOS_supercomplex_organization	Remodeling_score	0.939704220979062	0.71287956664982155	0.2790539112851294	0.09684417818806904	0.3440508431295254	0.804791198879549	0.10234776187439153	0.35366354069594236	0.7911279302439007	0.011342878853814643	0.5338485007483343	0.9849775330118933	0.09100488302057688	0.33059501920573964	0.27527602575264964	0.7831041818918583	0.5392834513971114	-0.39725557473915124	6.165785442404171	0.9274245334852834	-0.07532384729608214	1.8684648969134128	0.3958365212487392	-0.2549550294644577	3.2999204066341674
5	WT	HO	Membrane_context_OXPHOS_supercomplex_organization	Supply_score	0.939704220979062	0.71287956664982155	0.2790539112851294	0.1494579302613871	0.19785093432548445	0.5288488205968053	-0.16498469403937993	0.22613867738180696	0.5184545242851035	-0.30543094196479964	0.3069965581265941	0.42461764948374003	0.14044624792541974	0.21428648100828096	0.6554134785572043	0.5122015757648122	-0.005403348357897047	-2.2606024682058976	0.863052476294229	0.9274245334852834	-0.07532384729608214	1.8684648969134128	0.05850655274610325	-1.2098715217718423	0.5538992616213184
5	WT	HO	Membrane_context_OXPHOS_supercomplex_organization	Synthesis_score	0.939704220979062	0.71287956664982155	0.2790539112851294	-0.11919325358282268	0.4430343619537038	0.8131128706233669	-0.38782247123451186	0.4546617803223049	0.4563540033145877	-0.27581606773050565	0.687436856011247	0.7270636889086693	-0.11200640350400617	0.42490394952013505	-0.26360405364671363	0.7920850346245545	-0.6658581782044503	-7.781425069088035	0.611668353591836	0.9274245334852834	-0.07532384729608214	1.8684648969134128	-0.4873152301265428	-4.1646086484913205	0.39256320874762435
5	WT	HO	Membrane_context_OXPHOS_supercomplex_organization	Transport_score	0.939704220979062	0.71287956664982155	0.2790539112851294	-0.36061358006396005	0.43585553055559767	0.49503119390528516	0.7111413117656326	0.5090889765492134	0.25684514445723466	1.0500114150941067	0.6762977803323619	0.2607168902607992	-0.33887010332847417	0.48356900234100847	-0.7007688699812609	0.4834472683331188	-0.10844220243668175	-2.101256643884316	4.0655124891013354	0.9274245334852834	-0.07532384729608214	1.8684648969134128	-0.22375685595178524	-1.3485674805336225	2.1758570341981325
5	WT	HO	Oxidation_antioxidant_defenses	Membrane context_score	0.7461538784628042	0.8633089888819901	0.4509994761654542	-0.043327465980283975	0.21944738626144428	0.8617305721332046	0.16274547835513403	0.27052249671773143	0.5898659613234188	0.19507443514028813	0.3667236243765179	0.6479434333183016	-0.032328956785154093	0.16795957305488238	-0.19248058444748667	0.847365774925013	-0.20720521483902607	-2.657696667209002	0.3960050492888062	0.7322880283006133	-0.43550913821026055	1.839596797466801	-0.14571707033782164	-1.4447169460551135	0.2530472081194021
5	WT	HO	Oxidation_antioxidant_defenses	Oxidation_score	0.7461538784628042	0.8633089888819901	0.4509994761654542	0.10579763521510523	0.2798468660851088	0.741743100507544	0.10234776187439153	0.35366354069594236	0.7911279302439007	0.023406446026447807	0.4676585980334916	0.9646312472331433	0.07894131584794373	0.22791094560478714	0.3463691295670953	0.7290653219579053	0.3160598026592561	-0.3513585796287139	3.5617839148270423	0.7322880283006133	-0.43550913821026055	1.839596797466801	0.24794003848358517	-0.22451811607836958	1.9361764054665482
5	WT	HO	Oxidation_antioxidant_defenses	Remodeling_score	0.7461538784628042	0.8633089888819901	0.4509994761654542	0.10579763521510523	0.2798468660851088	0.741743100507544	0.10234776187439153	0.35366354069594236	0.7911279302439007	0.023406446026447807	0.4676585980334916	0.9646312472331433	0.07894131584794373	0.22791094560478714	0.3463691295670953	0.7290653219579053	0.3160598026592561	-0.3513585796287139	3.5617839148270423	0.7322880283006133	-0.43550913821026055	1.839596797466801	0.24794003848358517	-0.22451811607836958	1.9361764054665482
5	WT	HO	Oxidation_antioxidant_defenses	Supply_score	0.7461538784628042	0.8633089888819901	0.4509994761654542	0.10906111768880071	0.16840482885819882	0.5836473250469583	-0.16498469403937993	0.22613867738180696	0.5184545242851035	-0.24636106999236693	0.2814252211134056	0.47367166222072077	0.081376375952987	0.15701681486640082	0.518265359173327	0.6042731386074551	0.011312267726489309	-1.3058802620180883	0.7633395514081855	0.7322880283006133	-0.43550913821026055	1.839596797466801	0.07966423947367349	-0.7098730894815315	0.48777393792796303
5	WT	HO	Oxidation_antioxidant_defenses	Synthesis_score	0.7461538784628042	0.8633089888819901	0.4509994761654542	-0.13185868616590352	0.3605368448644964	0.7496275386321289	-0.38782247123451186	0.4546617803223049	0.4563540033145877	-0.28943560114281325	0.6025014957911683	0.6783630069756972	-0.09838687009169862	0.2921094806491671	-0.33681505260647265	0.7362563250903278	-0.38788990616862296	-4.495089053034371	0.5409991390630086	0.7322880283006133	-0.43550913821026055	1.839596797466801	-0.30243284689163685	-2.4435186336616224	0.34569842475683843
5	WT	HO	Oxidation_antioxidant_defenses	Transport_score	0.7461538784628042	0.8633089888819901	0.4509994761654542	-0.2680531883254896	0.37140790052313455	0.545437560741405	0.7111413117656326	0.5090889765492134	0.25684514445723466	0.9111502378690172	0.6206683694088155	0.27981948252582983	-0.20000892610338453	0.3610422014659248	-0.5539765858154435	0.5795948699196987	-0.10092289822527442	-1.8584875751973422	2.3485210642625503	0.7322880283006133	-0.43550913821026055	1.839596797466801	-0.24299010282545244	-1.1875734743101876	1.2766498982258287
5	WT	HO	Oxidation_mito_ROS_generators	Membrane context_score	0.3107982974864938	0.6858924249720865	0.681221588516303	-0.012308170476452855	0.2787538091314632	0.9687934238464733	0.16274547835513403	0.27052249671773143	0.5898659613234188	0.1665708367843891	0.34230477868706893	0.6746334209321578	-0.0038253584292550743	0.08704654784084002	-0.043946124506276094	0.9649473487537026	-0.3723881869812135	-5.473649613030988	0.29709729113582967	0.29939599730830524	-0.6634883121693261	1.1837753450022568	-0.4748792874229766	-4.623892224263682	0.32522505488002074
5	WT	HO	Oxidation_mito_ROS_generators	Oxidation_score	0.3107982974864938	0.6858924249720865	0.681221588516303	0.07687498301377975	0.3605272299890396	0.8509092330658379	0.10234776187439153	0.35366354069594236	0.7911279302439007	0.07845514803440565	0.44272110238270734	0.8756650881301266	0.023892613839985876	0.12383747869255061	0.1929352413521249	0.8470096849107365	0.520663185559933	-0.26978318000832907	7.335659252478519	0.29939599730830524	-0.6634883121693261	1.1837753450022568	0.7045174138250131	-0.288558475573823	6.196833954557939
5	WT	HO	Oxidation_mito_ROS_generators	Remodeling_score	0.3107982974864938	0.6858924249720865	0.681221588516303	0.07687498301377975	0.3605272299890396	0.8509092330658379	0.10234776187439153	0.35366354069594236	0.7911279302439007	0.07845514803440565	0.44272110238270734	0.8756650881301266	0.023892613839985876	0.12383747869255061	0.1929352413521249	0.8470096849107365	0.520663185559933	-0.26978318000832907	7.335659252478519	0.29939599730830524	-0.6634883121693261	1.1837753450022568	0.7045174138250131	-0.288558475573823	6.196833954557939
5	WT	HO	Oxidation_mito_ROS_generators	Supply_score	0.3107982974864938	0.6858924249720865	0.681221588516303	0.15826360705021492	0.20451731917054342	0.5199768103303042	-0.16498469403937993	0.22613867738180696	0.5184545242851035	-0.21417275366465818	0.25114367367561014	0.4836080392521107	0.04918805962527825	0.12579280953247368	0.39102441393981463	0.695779189973678	-0.11750058889146311	-2.68952099728016	0.5726849022443052	0.29939599730830524	-0.6634883121693261	1.1837753450022568	-0.036969307321569306	-2.2719859884182965	0.6269039951502329
5	WT	HO	Oxidation_mito_ROS_generators	Synthesis_score	0.3107982974864938	0.6858924249720865	0.681221588516303	-0.09559010814117683	0.4638250849032481	0.8557949361175294	-0.38782247123451186	0.4546617803223049	0.4563540033145877	-0.3581132283676843	0.5695690528212295	0.5937510256538249	-0.02970924286682759	0.15836563244920626	-0.1875990542099243	0.8511909677120262	-0.6488282846560116	-9.257844493412422	0.40587709427213886	0.29939599730830524	-0.6634883121693261	1.1837753450022568	-0.8747184133836367	-7.820609317889436	0.4443036143296578
5	WT	HO	Oxidation_mito_ROS_generators	Transport_score	0.3107982974864938	0.6858924249720865	0.681221588516303	-0.37400973135823823	0.45333211903291715	0.49609900543650454	0.7111413117656326	0.5090889765492134	0.25684514445723466	0.8273828995151539	0.5566838751398703	0.27555000377684785	-0.11624158774952136	0.29267597518297167	-0.39716819146788807	0.69124343677022	0.16104969905827834	-1.394304504935852	4.836888111876053	0.29939599730830524	-0.6634883121693261	1.1837753450022568	-0.06450308736255363	-1.526310648621513	4.085984838505685
5	WT	HO	Remodeling_peroxisomal_FA_chain_editing	Membrane context_score	0.9553226074224253	0.7289750059160702	0.281327312155549	-0.0901974100907358	0.2545383143197432	0.7569456945271544	0.16274547835513403	0.27052249671773143	0.5898659613234188	0.24891310334576552	0.4030118049635713	0.5997720016737889	-0.08616762499063149	0.2518989564732581	-0.34207217924612227	0.7322965736505962	-0.17588804510301545	-1.905939335703577	0.47488084649113466	0.943522909678571	-0.08305114874510061	1.9009190532529203	-0.11072868640077065	-1.0122525722905586	0.2723403834790805
5	WT	HO	Remodeling_peroxisomal_FA_chain_editing	Oxidation_score	0.9553226074224253	0.7289750059160702	0.281327312155549	0.17763669219864853	0.3192314838108945	0.6338533836662834	0.10234776187439153	0.35366354069594236	0.7911279302439007	-0.06735258609071618	0.5054408285670362	0.9061899146096322	0.1697003479651077	0.33132232825808733	0.5121911006037531	0.6085172708887712	0.2898503024509216	-0.4213417480803895	2.554296038484397	0.943522909678571	-0.08305114874510061	1.9009190532529203	0.20834899760613554	-0.2795325369486554	1.3565976035606315
5	WT	HO	Remodeling_peroxisomal_FA_chain_editing	Remodeling_score	0.9553226074224253	0.7289750059160702	0.281327312155549	0.17763669219864853	0.3192314838108945	0.6338533836662834	0.10234776187439153	0.35366354069594236	0.7911279302439007	-0.06735258609071618	0.5054408285670362	0.9061899146096322	0.1697003479651077	0.33132232825808733	0.5121911006037531	0.6085172708887712	0.2898503024509216	-0.4213417480803895	2.554296038484397	0.943522909678571	-0.08305114874510061	1.9009190532529203	0.20834899760613554	-0.2795325369486554	1.3565976035606315
5	WT	HO	Remodeling_peroxisomal_FA_chain_editing	Supply_score	0.9553226074224253	0.7289750059160702	0.281327312155549	0.11272921754199294	0.2043590112236792	0.6366089031031033	-0.16498469403937993	0.22613867738180696	0.5184545242851035	-0.27267746407428645	0.32356265968811565	0.48809420723554997	0.1076927700349065	0.21181902981613723	0.5084187673240963	0.6111596940574455	0.07029592057058426	-0.9364983558161034	0.9153805815958537	0.943522909678571	-0.08305114874510061	1.9009190532529203	0.11650709235573291	-0.4973783015348627	0.5249634733915773
5	WT	HO	Remodeling_peroxisomal_FA_chain_editing	Synthesis_score	0.9553226074224253	0.7289750059160702	0.281327312155549	-0.21983470685786619	0.4127193416585218	0.6475313877962906	-0.38782247123451186	0.4546617803223049	0.4563540033145877	-0.1778094058771106	0.6534606283918347	0.8110588015107606	-0.21001306535740125	0.4256032868926723	-0.49344794042993817	0.6216961155993495	-0.3536238110596966	-3.223606045555916	0.6487546802006866	0.943522909678571	-0.08305114874510061	1.9009190532529203	-0.25254167234130076	-1.7120710247898832	0.3720556423683885
5	WT	HO	Remodeling_peroxisomal_FA_chain_editing	Transport_score	0.9553226074224253	0.7289750059160702	0.281327312155549	-0.2938459451917711	0.44797604046906875	0.5792359302561378	0.7111413117656326	0.5090889765492134	0.25684514445723466	0.9918589863067423	0.7092827385628276	0.2968806651233741	-0.28071767454110985	0.47857656097716583	-0.5865679547028707	0.5574939099139797	-0.23225740439428844	-2.228658837779918	1.6842172894798675	0.943522909678571	-0.08305114874510061	1.9009190532529203	-0.3194731337564404	-1.278118094275162	0.8944950406529504
5	WT	HO	Remodeling_TAZ_LCLAT1_acyl_chain_remodeling	Membrane context_score	0.9105359592607641	0.7317839241736117	0.3017566848280284	-0.11020938432026392	0.24951330086827234	0.7018752350833444	0.16274547835513403	0.27052249671773143	0.5898659613234188	0.26309508582672375	0.3894005704500539	0.5689193230296933	-0.10034960747158973	0.2410809183626571	-0.41624865274751527	0.677228061525434	-0.21597727846198536	-2.0633548728204816	1.1510970484561753	0.9040167320146145	-0.15795032615273077	1.7691777302285538	-0.11281217723397798	-1.261395189273727	0.6725305754210492
5	WT	HO	Remodeling_TAZ_LCLAT1_acyl_chain_remodeling	Oxidation_score	0.9105359592607641	0.7317839241736117	0.3017566848280284	0.19186931801455012	0.3136518585745781	0.6029930532592978	0.10234776187439153	0.35366354069594236	0.7911279302439007	-0.07235615165669547	0.4894978032298998	0.8960438330403926	0.174703913531087	0.3182396596112821	0.5489696467890939	0.5830262803370769	0.36675005295925667	-1.0213198662156528	2.7652607189028178	0.9040167320146145	-0.15795032615273077	1.7691777302285538	0.2370424154855596	-0.5967080171356312	1.690492805604311
5	WT	HO	Remodeling_TAZ_LCLAT1_acyl_chain_remodeling	Remodeling_score	0.9105359592607641	0.7317839241736117	0.3017566848280284	0.19186931801455012	0.3136518585745781	0.6029930532592978	0.10234776187439153	0.35366354069594236	0.7911279302439007	-0.07235615165669547	0.4894978032298998	0.8960438330403926	0.174703913531087	0.3182396596112821	0.5489696467890939	0.5830262803370769	0.36675005295925667	-1.0213198662156528	2.7652607189028178	0.9040167320146145	-0.15795032615273077	1.7691777302285538	0.2370424154855596	-0.5967080171356312	1.690492805604311
5	WT	HO	Remodeling_TAZ_LCLAT1_acyl_chain_remodeling	Supply_score	0.9105359592607641	0.7317839241736117	0.3017566848280284	0.05924743485211972	0.21445917371105588	0.808275519803705	-0.16498469403937993	0.22613867738180696	0.5184545242851035	-0.21893161396619437	0.334693678816829	0.5801952345758306	0.053946919926814454	0.20002808007561038	0.26969673411064377	0.7873935732806925	0.12573319501225516	-1.013845724081353	2.2188553054408255	0.9040167320146145	-0.15795032615273077	1.7691777302285538	0.19833879160242054	-0.6197964954394067	1.2963703080861293
5	WT	HO	Remodeling_TAZ_LCLAT1_acyl_chain_remodeling	Synthesis_score	0.9105359592607641	0.7317839241736117	0.3017566848280284	-0.2489645764433398	0.40251574443741517	0.5992883444023447	-0.38782247123451186	0.4546617803223049	0.4563540033145877	-0.16113127180072562	0.6281823852821641	0.8215360319559472	-0.22669119943378624	0.4092902711678925	-0.5538641287195332	0.579671836133604	-0.4361565257772583	-3.4898504467331244	1.5725620501838489	0.9040167320146145	-0.15795032615273077	1.7691777302285538	-0.2738293308169372	-2.1334578083393634	0.9187722806811743
5	WT	HO	Remodeling_TAZ_LCLAT1_acyl_chain_remodeling	Transport_score	0.9105359592607641	0.7317839241736117	0.3017566848280284	-0.15338737062855304	0.47981553628226553	0.7795151394593516	0.7111413117656326	0.5090889765492134	0.25684514445723466	0.8508060284193885	0.74881957350142625	0.3736843636077207	-0.1396647166537559	0.4510781718378778	-0.30962419680984443	0.7568467535506469	-0.39921484791942863	-5.402202740202802	1.8233203366118376	0.9040167320146145	-0.15795032615273077	1.7691777302285538	-0.5387454597103648	-3.1562469231264654	1.1146543580083548
5	WT	HO	Supply_AMPK_energy_sensing	Membrane context_score	1.0774315568180466	0.4924708192235302	0.11649329065397844	-0.26743586650250983	0.3392838111353898	0.5131482155302278	0.16274547835513403	0.27052249671773143	0.5898659613234188	0.45088932034991647	0.4662457443499424	0.4355372068253178	-0.28814384199478243	0.38855702099137507	-0.7415741485242097	0.45834539123951634	-0.16859881842353533	-1.4875009217734796	1.0784802816521786	1.072533169532298	0.4540377772333711	1.7604642279081926	-0.08369757332479531	-0.9405350592104476	0.622326853093507
5	WT	HO	Supply_AMPK_energy_sensing	Oxidation_score	1.0774315568180466	0.4924708192235302	0.11649329065397844	0.4260819058666943	0.4087669648949215	0.4066877664981161	0.10234776187439153	0.35366354069594236	0.7911279302439007	-0.3567263292955613	0.5617298897206945	0.5903577662144914	0.45907409116995285	0.48785063214195473	0.9410136236871197	0.34669787762601745	0.33090486610645664	-0.9568900714761569	1.9935145051850756	1.072533169532298	0.4540377772333711	1.7604642279081926	0.21616901985824033	-0.5521643715413168	1.2604834428846534
5	WT	HO	Supply_AMPK_energy_sensing	Remodeling_score	1.0774315568180466	0.4924708192235302	0.11649329065397844	0.4260819058666943	0.4087669648949215	0.4066877664981161	0.10234776187439153	0.35366354069594236	0.7911279302439007	-0.3567263292955613	0.5617298897206945	0.5903577662144914	0.45907409116995285	0.48785063214195473	0.9410136236871197	0.34669787762601745	0.33090486610645664	-0.9568900714761569	1.9935145051850756	1.072533169532298	0.4540377772333711	1.7604642279081926	0.21616901985824033	-0.5521643715413168	1.2604834428846534
5	WT	HO	Supply_AMPK_energy_sensing	Supply_score	1.0774315568180466	0.4924708192235302	0.11649329065397844	0.0503722889819921	0.32273825075149704	0.8903023458510694	-0.16498469403937993	0.22613867738180696	0.5184545242851035	-0.2192573877777362	0.4435087410987126	0.670009251854981	0.05427269373835628	0.34861211232201095	0.15568218033751197	0.8762835439233423	0.2215296720286914	-0.7308953340855211	2.0788791857008726	1.072533169532298	0.4540377772333711	1.7604642279081926	0.25780464224421673	-0.4621393346776355	1.1995975852399146
5	WT	HO	Supply_AMPK_energy_sensing	Synthesis_score	1.0774315568180466	0.4924708192235302	0.11649329065397844	-0.5388727896777119	0.5300764321428219	0.4163153014495141	-0.38782247123451186	0.4546617803223049	0.4563540033145877	0.19277607747482903	0.7284340500648561	0.8160609766975081	-0.5805985487093409	0.6297661172646155	-0.9219272564728735	0.35656652075346207	-0.39342044161973017	-2.5158812111031175	1.4733572334951335	1.072533169532298	0.4540377772333711	1.7604642279081926	-0.25193751436240114	-1.5907717764840925	0.8501868659099835
5	WT	HO	Supply_AMPK_energy_sensing	Transport_score	1.0774315568180466	0.4924708192235302	0.11649329065397844	-0.18429450588901897	0.7192576466892623	0.821721407309264	0.7111413117656326	0.5090889765492134	0.25684514445723466	0.9097060281586509	0.9884079518494994	0.4545383464096072	-0.19856471639301837	0.7802475201996674	-0.254489391189869	0.7991174989723617	-0.6049852922031103	-5.06140567436083	1.3144567214902005	1.072533169532298	0.4540377772333711	1.7604642279081926	-0.6610390982143176	-2.9206363056811586	0.831120581022821
5	WT	HO	Supply_mTOR_SREBP_lipogenesis	Membrane context_score	0.5249433677423713	0.326204280310928	0.205936201118749	-0.2244221167151168	0.5645262383790749	0.7293849644405141	0.16274547835513403	0.27052249671773143	0.5898659613234188	0.280554380099439	0.43537866460015434	0.5853614192951231	-0.11780890174430493	0.30525281069563837	-0.38593879439088896	0.6995419984529723	0.8524280223138195	-0.9188717586667128	11.256884466976313	0.5202343368921094	0.03471889186345777	1.008994486404125	1.0527268670399947	-1.2675002504736999	11.156537145305725
5	WT	HO	Supply_mTOR_SREBP_lipogenesis	Oxidation_score	0.5249433677423713	0.326204280310928	0.205936201118749	0.361136289614972	0.7228494858814952	0.6669031723875335	0.10234776187439153	0.35366354069594236	0.7911279302439007	-0.08722833821007622	0.5574820486176695	0.8900311427322765	0.18957610008446776	0.39732097903284536	0.4771358928640817	0.6332653572975586	-1.2520571520100956	-16.690537316277208	1.2314507860089654	0.5202343368921094	0.03471889186345777	1.008994486404125	-1.5552518634837058	-16.541752746101956	1.6986746681356486
5	WT	HO	Supply_mTOR_SREBP_lipogenesis	Remodeling_score	0.5249433677423713	0.326204280310928	0.205936201118749	0.361136289614972	0.7228494858814952	0.6669031723875335	0.10234776187439153	0.35366354069594236	0.7911279302439007	-0.08722833821007622	0.5574820486176695	0.8900311427322765	0.18957610008446776	0.39732097903284536	0.4771358928640817	0.6332653572975586	-1.2520571520100956	-16.690537316277208	1.2314507860089654	0.5202343368921094	0.03471889186345777	1.008994486404125	-1.5552518634837058	-16.541752746101956	1.6986746681356486
5	WT	HO	Supply_mTOR_SREBP_lipogenesis	Supply_score	0.5249433677423713	0.326204280310928	0.205936201118749	0.106502069136258	0.48437717797127294	0.8463711240534003	-0.16498469403937993	0.22613867738180696	0.5184545242851035	-0.22089224888329806	0.37356543340384973	0.6142440370598699	0.05590755484391813	0.2566330034499934	0.21785021447879394	0.8275458185263478	0.1929817762623966	-0.4852002249351271	1.7542680355301785	0.5202343368921094	0.03471889186345777	1.008994486404125	0.2360243072697746	-0.6227962655101685	1.738629952064527
5	WT	HO	Supply_mTOR_SREBP_lipogenesis	Synthesis_score	0.5249433677423713	0.326204280310928	0.205936201118749	-0.39361650751514965	0.9454442257781203	0.7175936154970857	-0.38782247123451186	0.4546617803223049	0.4563540033145877	-0.1811960961805188	0.7291534325403686	0.8269340749347351	-0.20662637505399303	0.5126448425081969	-0.40305950225313975	0.6869044519663601	1.6614539906805421	-1.5541316036877748	21.70737903208651	0.5202343368921094	0.03471889186345777	1.008994486404125	2.0886382877140646	-2.143783589346164	21.513872795725238
5	WT	HO	Supply_mTOR_SREBP_lipogenesis	Transport_score	0.5249433677423713	0.326204280310928	0.205936201118749	-0.4241484035331536	1.0620051711420617	0.7282223126153541	0.7111413117656326	0.5090889765492134	0.25684514445723466	0.9337952031388765	0.8190485433199801	0.3723800817237023	-0.22265389137324393	0.5744050718369952	-0.3876252183170637	0.6982934037848532	-0.3826803635693321	-2.3871596358371914	0.8902342638866817	0.5202343368921094	0.03471889186345777	1.008994486404125	-0.5156486125518827	-2.3658797624797674	1.1200492042312706
5	WT	HO	Supply_PPAR_alpha_FAO	Membrane context_score	0.7817615782608718	0.7113969177109037	0.3520900898511327	-0.1232539472480503	0.2543750183703863	0.6758773143386484	0.16274547835513403	0.27052249671773143	0.5898659613234188	0.2591006786826521	0.3711965125212134	0.5574043416150881	-0.09635520032751804	0.2173332958994273	-0.4433522251100778	0.6575109862533508	-0.16655759984362367	-1.575839156301019	0.7081252214160348	0.7736691648660257	-0.19478685174913474	1.7003435872554191	-0.10297398762233867	-1.009584069775115	0.44164097449422574
5	WT	HO	Supply_PPAR_alpha_FAO	Oxidation_score	0.7817615782608718	0.7113969177109037	0.3520900898511327	0.21532407546972337	0.31684639079471827	0.5668739749178542	0.10234776187439153	0.35366354069594236	0.7911279302439007	-0.0659843272023825	0.46235780550070343	0.8995968183324012	0.16833208907677402	0.2912367559749039	0.577990537332037	0.5632705078874558	0.2758445057853292	-0.6282896454043759	2.11190337427104	0.7736691648660257	-0.19478685174913474	1.7003435872554191	0.20876980389829733	-0.3918494114729422	1.3530213378966631
5	WT	HO	Supply_PPAR_alpha_FAO	Remodeling_score	0.7817615782608718	0.7113969177109037	0.3520900898511327	0.21532407546972337	0.31684639079471827	0.5668739749178542	0.10234776187439153	0.35366354069594236	0.7911279302439007	-0.0659843272023825	0.46235780550070343	0.8995968183324012	0.16833208907677402	0.2912367559749039	0.577990537332037	0.5632705078874558	0.2758445057853292	-0.6282896454043759	2.11190337427104	0.7736691648660257	-0.19478685174913474	1.7003435872554191	0.20876980389829733	-0.3918494114729422	1.3530213378966631
5	WT	HO	Supply_PPAR_alpha_FAO	Supply_score	0.7817615782608718	0.7113969177109037	0.3520900898511327	0.07265544606059099	0.21882495781426853	0.7714373278342455	-0.16498469403937993	0.22613867738180696	0.5184545242851035	-0.2217839302209552	0.319320119222503	0.5591733076202359	0.05679923618157525	0.17870678573787363	0.3178348037935623	0.7506102489317623	0.07356396066817857	-0.774301023784558	1.3649825673367173	0.7736691648660257	-0.19478685174913474	1.7003435872554191	0.1544053970667195	-0.49606711173391255	0.8513073860026296
5	WT	HO	Supply_PPAR_alpha_FAO	Synthesis_score	0.7817615782608718	0.7113969177109037	0.3520900898511327	-0.2743007998085612	0.4081802749243869	0.5708090014271361	-0.38782247123451186	0.4546617803223049	0.4563540033145877	-0.1733846450579516	0.5956366922449392	0.7983938147013481	-0.21443782617656024	0.37403601309018225	-0.5733079668049451	0.5664361921307979	-0.3327800688173182	-2.6652918778238353	0.967399622360588	0.7736691648660257	-0.19478685174913474	1.7003435872554191	-0.2474242599874008	-1.7075576592906658	0.6033442942341743
5	WT	HO	Supply_PPAR_alpha_FAO	Transport_score	0.7817615782608718	0.7113969177109037	0.3520900898511327	-0.1960690164949509	0.4866554958338012	0.7260147038763614	0.7111413117656326	0.5090889765492134	0.25684514445723466	0.8644205355487823	0.7101515864649826	0.34764957829421494	-0.1532792237831497	0.405211785347589	-0.3782694120104809	0.705230465895536	-0.24346917296527737	-3.3232958217302397	1.3925183780845785	0.7736691648660257	-0.19478685174913474	1.7003435872554191	-0.4163594894582777	-2.072661106896562	0.8921369708081556
5	WT	HO	Synthesis_core_CL_synthesis_enzymes	Membrane context_score	1.1954885317529316	0.6069489797523568	0.14349311099968914	-0.1268513052896929	0.30213000002302115	0.7153942046965169	0.16274547835513403	0.27052249671773143	0.5898659613234188	0.3143947590668519	0.48098052406667297	0.58044455683872	-0.15164928071171785	0.3693076724232446	-0.41063127585911724	0.6813429266801063	-0.22010569026365237	-2.192544227314268	0.6797519666181494	1.186518979184445	0.354537875930178	1.9979153389686855	-0.12359534032182036	-1.1317446541404743	0.36166104236708657
5	WT	HO	Synthesis_core_CL_synthesis_enzymes	Oxidation_score	1.1954885317529316	0.6069489797523568	0.14349311099968914	0.2355057355114376	0.3768723450072979	0.5958306428386233	0.10234776187439153	0.35366354069594236	0.7911279302439007	-0.17919664409157127	0.5999677555821473	0.793361557853892	0.2815444059659628	0.47267752467902713	0.5956373875765434	0.551417494402273	0.3798840377084422	-0.6031152529991972	2.938397318906942	1.186518979184445	0.354537875930178	1.9979153389686855	0.23948392463862103	-0.33546703572897385	1.516738141919803
5	WT	HO	Synthesis_core_CL_synthesis_enzymes	Remodeling_score	1.1954885317529316	0.6069489797523568	0.14349311099968914	0.2355057355114376	0.3768723450072979	0.5958306428386233	0.10234776187439153	0.35366354069594236	0.7911279302439007	-0.17919664409157127	0.5999677555821473	0.793361557853892	0.2815444059659628	0.47267752467902713	0.5956373875765434	0.551417494402273	0.3798840377084422	-0.6031152529991972	2.938397318906942	1.186518979184445	0.354537875930178	1.9979153389686855	0.23948392463862103	-0.33546703572897385	1.516738141919803
5	WT	HO	Synthesis_core_CL_synthesis_enzymes	Supply_score	1.1954885317529316	0.6069489797523568	0.14349311099968914	0.11733084393307729	0.25005132108585626	0.685087766307094	-0.16498469403937993	0.22613867738180696	0.5184545242851035	-0.3052523723822668	0.39807306606518705	0.5233359558753519	0.14026767834288692	0.30729894226271315	0.4564535019550135	0.6480639001566386	0.1370940490309247	-1.0773239344346293	1.3102902657402988	1.186518979184445	0.354537875930178	1.9979153389686855	0.1503921069521837	-0.5560916803340782	0.6971380247249594
5	WT	HO	Synthesis_core_CL_synthesis_enzymes	Synthesis_score	1.1954885317529316	0.6069489797523568	0.14349311099968914	-0.29403656822436225	0.48717767418467933	0.6074770239822032	-0.38782247123451186	0.4546617803223049	0.4563540033145877	-0.03630512600629835	0.7755700295405138	0.9669178177690596	-0.35151734522821354	0.609144837983749	-0.5770669359880408	0.563894239043266	-0.4609924452560274	-3.708354559831721	0.9286377266584028	1.186518979184445	0.354537875930178	1.9979153389686855	-0.28872427633514347	-1.9141736784429468	0.49408034797690314
5	WT	HO	Synthesis_core_CL_synthesis_enzymes	Transport_score	1.1954885317529316	0.6069489797523568	0.14349311099968914	-0.3118231548787842	0.5505892106211686	0.6282364096749531	0.7111413117656326	0.5090889765492134	0.25684514445723466	1.0839223173582373	0.8765190052290306	0.34174122154770203	-0.3727810055926047	0.6848921536527018	-0.544291540798752	0.5862408671471853	-0.41098853482302833	-3.190137566287589	1.9374808140096444	1.186518979184445	0.354537875930178	1.9979153389686855	-0.4075398937716792	-1.6973080390749176	1.0000863501125872
5	WT	HO	Synthesis_TF_control_of_CL_machinery	Membrane context_score	0.8752402904568289	0.6587939098906249	0.27601520552346964	-0.1790067899508391	0.2613197287948676	0.5640710681014742	0.16274547835513403	0.27052249671773143	0.5898659613234188	0.319419433185451	0.37579865076004665	0.4848596451809024	-0.15667395483031699	0.2573302757491904	-0.6088438461979533	0.5426279477488423	-0.14608910183836699	-1.2438894439871326	0.8103966378440167	0.8683941614812408	0.03674530821315457	1.7788298723838145	-0.07707236004293404	-0.7938740353818721	0.4715919602268599
5	WT	HO	Synthesis_TF_control_of_CL_machinery	Oxidation_score	0.8752402904568289	0.6587939098906249	0.27601520552346964	0.2917904865771165	0.3186298682484838	0.45646137245938634	0.10234776187439153	0.35366354069594236	0.7911279302439007	-0.15303902834990338	0.45821521066106136	0.7701565544254667	0.2553867902242949	0.33871088699643853	0.7539964023269798	0.4508513820276103	0.2572663796997915	-0.7190307601383598	1.6670320086111277	0.8683941614812408	0.03674530821315457	1.7788298723838145	0.17981907355191473	-0.4184236579993379	1.0639317136938042
5	WT	HO	Synthesis_TF_control_of_CL_machinery	Remodeling_score	0.8752402904568289	0.6587939098906249	0.27601520552346964	0.2917904865771165	0.3186298682484838	0.45646137245938634	0.10234776187439153	0.35366354069594236	0.7911279302439007	-0.15303902834990338	0.45821521066106136	0.7701565544254667	0.2553867902242949	0.33871088699643853	0.7539964023269798	0.4508513820276103	0.2572663796997915	-0.7190307601383598	1.6670320086111277	0.8683941614812408	0.03674530821315457	1.7788298723838145	0.17981907355191473	-0.4184236579993379	1.0639317136938042
5	WT	HO	Synthesis_TF_control_of_CL_machinery	Supply_score	0.8752402904568289	0.6587939098906249	0.27601520552346964	0.05077147317865005	0.24005292170100642	0.8520910367323092	-0.16498469403937993	0.22613867738180696	0.5184545242851035	-0.20942193297118272	0.34521528283484554	0.6057787594462372	0.04443723893180277	0.2127497371777651	0.20887094631131228	0.8345489853865966	0.10814283984078013	-0.6111949091396103	1.562121006046575	0.8683941614812408	0.03674530821315457	1.7788298723838145	0.182687850874322	-0.39007628151279516	0.9090409226189976
5	WT	HO	Synthesis_TF_control_of_CL_machinery	Synthesis_score	0.8752402904568289	0.6587939098906249	0.27601520552346964	-0.36988968206377354	0.4119942427223361	0.4640388076995374	-0.38782247123451186	0.4546617803223049	0.4563540033145877	-0.06408011846803058	0.5924806414348381	0.9237450943974652	-0.3237423527664813	0.4352108319938959	-0.7438747590065083	0.4569522469710572	-0.3086279200810193	-2.10384950692037	1.1071169020711844	0.8683941614812408	0.03674530821315457	1.7788298723838145	-0.2108954137099217	-1.3427169962480308	0.6442615944669458
5	WT	HO	Synthesis_TF_control_of_CL_machinery	Transport_score	0.8752402904568289	0.6587939098906249	0.27601520552346964	-0.1613589391988679	0.5343780919986172	0.7911911446773399	0.7111413117656326	0.5090889765492134	0.25684514445723466	0.8523691565778555	0.7684783957756525	0.3828677627814936	-0.14122784481222295	0.479637473483473	-0.29444706183302266	0.7684163097428802	-0.3199339175615057	-3.8032648450307978	1.0991850939428074	0.8683941614812408	0.03674530821315457	1.7788298723838145	-0.4754129040316257	-2.213223796561708	0.701520951382079
5	WT	HO	Transport_MAM_contact_sites	Membrane context_score	1.1084784621599413	0.7015609491931294	0.21223088167427348	-0.15953423037670839	0.24823058139588855	0.5862710589697774	0.16274547835513403	0.27052249671773143	0.5898659613234188	0.33958573670497755	0.4082836806508323	0.49304809435309205	-0.1768402583498435	0.29705019622869383	-0.5953211295430259	0.5516288346351934	-0.1524768655358597	-1.323317568392133	0.6128424204903409	1.0989072766925756	0.17583672686654317	2.133562611501751	-0.07530063215657609	-0.6881107881954475	0.3707806770748082
5	WT	HO	Transport_MAM_contact_sites	Oxidation_score	1.1084784621599413	0.7015609491931294	0.21223088167427348	0.2676202302142419	0.30208095136206614	0.46912282119065074	0.10234776187439153	0.35366354069594236	0.7911279302439007	-0.19430349935638083	0.49685547196906427	0.73347663249582	0.29665126123077235	0.38389510604889904	0.7727404089204151	0.43967602676854156	0.2705850051091516	-0.5437492344767327	1.7734797531491477	1.0989072766925756	0.17583672686654317	2.133562611501751	0.1665139779961852	-0.41288142500334857	0.9221902436245041
5	WT	HO	Transport_MAM_contact_sites	Remodeling_score	1.1084784621599413	0.7015609491931294	0.21223088167427348	0.2676202302142419	0.30208095136206614	0.46912282119065074	0.10234776187439153	0.35366354069594236	0.7911279302439007	-0.19430349935638083	0.49685547196906427	0.73347663249582	0.29665126123077235	0.38389510604889904	0.7727404089204151	0.43967602676854156	0.2705850051091516	-0.5437492344767327	1.7734797531491477	1.0989072766925756	0.17583672686654317	2.133562611501751	0.1665139779961852	-0.41288142500334857	0.9221902436245041
5	WT	HO	Transport_MAM_contact_sites	Supply_score	1.1084784621599413	0.7015609491931294	0.21223088167427348	0.07072686743875756	0.222371882039715	0.7805806205808149	-0.16498469403937993	0.22613867738180696	0.5184545242851035	-0.24338390329128395	0.36575191486028297	0.5742437547646838	0.078399209251904	0.2514390098638375	0.3118020918645828	0.7551909341724374	0.11564647625838526	-0.6502225458106279	1.181315387723332	1.0989072766925756	0.17583672686654317	2.133562611501751	0.14948024718161979	-0.33810867412864115	0.5923650274644507
5	WT	HO	Transport_MAM_contact_sites	Synthesis_score	1.1084784621599413	0.7015609491931294	0.21223088167427348	-0.3333882130429491	0.392968953568736	0.4855689188864545	-0.38782247123451186	0.4546617803223049	0.4563540033145877	-0.018268817538412762	0.6463458685965395	0.9800177797580625	-0.36955365369609905	0.4944196861941738	-0.7474493108087205	0.45479238941315936	-0.32799086203585487	-2.238190079688185	0.8372297839686572	1.0989072766925756	0.17583672686654317	2.133562611501751	-0.19937489895078234	-1.1638345750497057	0.48737192211989405
5	WT	HO	Transport_MAM_contact_sites	Transport_score	1.1084784621599413	0.7015609491931294	0.21223088167427348	-0.21414026261749908	0.49026243249758994	0.7048994324710628	0.7111413117656326	0.5090889765492134	0.25684514445723466	0.9485111807584039	0.8063718390350659	0.3605348992854014	-0.23736986899277135	0.5638285494966077	-0.4209965408894207	0.6737576077692407	-0.3341807132993573	-2.876125004165087	1.1693731728012968	1.0989072766925756	0.17583672686654317	2.133562611501751	-0.3876860407150297	-1.4422193131394825	0.6080613715486247
5	WT	HO	Transport_MICOS_cristae_morphology	Membrane context_score	0.9102598984934376	0.8489003569803167	0.3621806746411146	-0.07322239203422166	0.21930756697858114	0.7702279274700733	0.16274547835513403	0.27052249671773143	0.5898659613234188	0.22939688549565132	0.3792479440849699	0.6067500219539846	-0.0666514071405173	0.20908030426799512	-0.31878376767179756	0.7498904881222166	-0.1726295370440531	-1.9254745866399696	0.4724719847708843	0.8973705844364408	-0.2554880181614531	1.9761902091549464	-0.10364656065619031	-0.9815278673221494	0.2607482618921013
5	WT	HO	Transport_MICOS_cristae_morphology	Oxidation_score	0.9102598984934376	0.8489003569803167	0.3621806746411146	0.1455979359445104	0.2760147076810105	0.6505205496849502	0.10234776187439153	0.35366354069594236	0.7911279302439007	-0.030184200519312535	0.4773114392147748	0.9553286497239744	0.13253196239370407	0.2800010899679859	0.47332659458167536	0.6359801912877914	0.27732872582995494	-0.4192044666642328	2.580476732246723	0.8973705844364408	-0.2554880181614531	1.9761902091549464	0.19195488616333511	-0.2313509363165948	1.3154210609948427
5	WT	HO	Transport_MICOS_cristae_morphology	Remodeling_score	0.9102598984934376	0.8489003569803167	0.3621806746411146	0.1455979359445104	0.2760147076810105	0.6505205496849502	0.10234776187439153	0.35366354069594236	0.7911279302439007	-0.030184200519312535	0.4773114392147748	0.9553286497239744	0.13253196239370407	0.2800010899679859	0.47332659458167536	0.6359801912877914	0.27732872582995494	-0.4192044666642328	2.580476732246723	0.8973705844364408	-0.2554880181614531	1.9761902091549464	0.19195488616333511	-0.2313509363165948	1.3154210609948427
5	WT	HO	Transport_MICOS_cristae_morphology	Supply_score	0.9102598984934376	0.8489003569803167	0.3621806746411146	0.09381638699011749	0.17629830894884854	0.647823338631937	-0.16498469403937993	0.22613867738180696	0.5184545242851035	-0.2503819889380253	0.30487215801832174	0.49781302362891067	0.0853972948986454	0.17915247419696403	0.4766738236880715	0.6335944054598701	0.0495864046212962	-0.9460971557567286	0.9107372584153975	0.8973705844364408	-0.2554880181614531	1.9761902091549464	0.10108997084197564	-0.4822814749219483	0.5026184934273938
5	WT	HO	Transport_MICOS_cristae_morphology	Synthesis_score	0.9102598984934376	0.8489003569803167	0.3621806746411146	-0.18190529075563497	0.35620650747224825	0.6603640927337228	-0.38782247123451186	0.4546617803223049	0.4563540033145877	-0.22224137973586833	0.6159868876833209	0.7528011494748341	-0.16558109149864353	0.359134059883423	-0.4610564967087558	0.6447580720598174	-0.33815242117985567	-3.2566469466173134	0.6454638329776076	0.8973705844364408	-0.2554880181614531	1.9761902091549464	-0.23214513361196568	-1.6601048667759797	0.3562191579353433
5	WT	HO	Transport_MICOS_cristae_morphology	Transport_score	0.9102598984934376	0.8489003569803167	0.3621806746411146	-0.24069137089272288	0.3884022423226887	0.5986497447697878	0.7111413117656326	0.5090889765492134	0.25684514445723466	0.9302330146026889	0.6716628792533103	0.3003186398937747	-0.21909170283705626	0.4083422040332936	-0.5365394531180836	0.5915857766077517	-0.18261480534332744	-2.217353831478877	1.7014799624123482	0.8973705844364408	-0.2554880181614531	1.9761902091549464	-0.2812211026325975	-1.2237152173970292	0.8673446070832164
5	WT	HO	Transport_PGC1a_NRF1_mito_biogenesis_import	Membrane context_score	0.9065839629957005	0.69465011756975	0.28293955192986603	-0.1024473555570376	0.2656743870834801	0.7369347523926589	0.16274547835513403	0.27052249671773143	0.5898659613234188	0.2556226079544628	0.40023569447663454	0.5884116216104764	-0.09287712959932876	0.25114964940772355	-0.36980792056989636	0.7115256132215249	-0.18373131052333871	-1.921816594669466	0.5616204058695464	0.896597997679859	-0.03531919275413905	1.7977064723238017	-0.11712824212060415	-1.1003601327535935	0.3362265156239211
5	WT	HO	Transport_PGC1a_NRF1_mito_biogenesis_import	Oxidation_score	0.9065839629957005	0.69465011756975	0.28293955192986603	0.19393583435770845	0.33286398423704444	0.6190799032536085	0.10234776187439153	0.35366354069594236	0.7911279302439007	-0.07347135540449755	0.5014561221346167	0.8969490993121929	0.17581911727888908	0.3304745651144326	0.532020118456041	0.5947120615458297	0.3031629231838001	-0.49830210107475914	2.5755743755850844	0.896597997679859	-0.03531919275413905	1.7977064723238017	0.22268874209825695	-0.29831960773049615	1.4746773285735875
5	WT	HO	Transport_PGC1a_NRF1_mito_biogenesis_import	Remodeling_score	0.9065839629957005	0.69465011756975	0.28293955192986603	0.19393583435770845	0.33286398423704444	0.6190799032536085	0.10234776187439153	0.35366354069594236	0.7911279302439007	-0.07347135540449755	0.5014561221346167	0.8969490993121929	0.17581911727888908	0.3304745651144326	0.532020118456041	0.5947120615458297	0.3031629231838001	-0.49830210107475914	2.5755743755850844	0.896597997679859	-0.03531919275413905	1.7977064723238017	0.22268874209825695	-0.29831960773049615	1.4746773285735875
5	WT	HO	Transport_PGC1a_NRF1_mito_biogenesis_import	Supply_score	0.9065839629957005	0.69465011756975	0.28293955192986603	0.10390206697907203	0.21815451783997933	0.6808348581570018	-0.16498469403937993	0.22613867738180696	0.5184545242851035	-0.2591806416847118	0.3286475068575728	0.5129637075530162	0.09419594764533185	0.21053365199086835	0.44741516025864353	0.6545753317303764	0.07571187767453724	-0.9442997724917988	1.0825798040910504	0.896597997679859	-0.03531919275413905	1.7977064723238017	0.13096374240105008	-0.540670647709218	0.6481104169475446
5	WT	HO	Transport_PGC1a_NRF1_mito_biogenesis_import	Synthesis_score	0.9065839629957005	0.69465011756975	0.28293955192986603	-0.24328479529795546	0.4296555483950628	0.6282999386118256	-0.38782247123451186	0.4546617803223049	0.4563540033145877	-0.1672643773766936	0.647271604483284	0.8202495519093826	-0.22055809385781824	0.424600022495808	-0.5194490866047841	0.6034476084666778	-0.3684533796768709	-3.250460010438489	0.7672532373041903	0.896597997679859	-0.03531919275413905	1.7977064723238017	-0.2682839312044174	-1.861091541470166	0.45933317216376757
5	WT	HO	Transport_PGC1a_NRF1_mito_biogenesis_import	Transport_score	0.9065839629957005	0.69465011756975	0.28293955192986603	-0.27100899078085267	0.48148423419494013	0.6302091854660696	0.7111413117656326	0.5090889765492134	0.25684514445723466	0.9568337166352032	0.7253509793249661	0.3179030312893958	-0.24569240486957067	0.4753712971973445	-0.516843163056129	0.6052656464321582	-0.25063867733390804	-2.6357354487281386	1.6982475125614582	0.896597997679859	-0.03531919275413905	1.7977064723238017	-0.35923771402584526	-1.57794150064797	0.9723528579957867
5	WT	HO	Transport_phospholipid_transfer_proteins	Membrane context_score	0.7553062246896286	0.8633534425632965	0.4460492896489276	-0.05144462220149553	0.21855768049684873	0.8358181215317825	0.16274547835513403	0.27052249671773143	0.5898659613234188	0.20160192173072988	0.3661493496888003	0.6371941456055112	-0.03885644337559584	0.17094859150951958	-0.2272989969234818	0.8201912530363569	-0.16996675814055415	-2.149392440457973	0.36414588487817423	0.740602407356813	-0.46768043507497636	1.8801601987143286	-0.11929037955964988	-1.143196437158786	0.22652619944180624
5	WT	HO	Transport_phospholipid_transfer_proteins	Oxidation_score	0.7553062246896286	0.8633534425632965	0.4460492896489276	0.11801817552884955	0.27737709449102593	0.7118973645760351	0.10234776187439153	0.35366354069594236	0.7911279302439007	0.013207899270938253	0.464689424483174	0.9799059135783912	0.08913986260345326	0.23296792425406734	0.3826271916568231	0.7019962057857614	0.263996024252775	-0.3230912866343925	2.8805662871653834	0.740602407356813	-0.46768043507497636	1.8801601987143286	0.2104734083096129	-0.20983717963798537	1.5320855579940182
5	WT	HO	Transport_phospholipid_transfer_proteins	Remodeling_score	0.7553062246896286	0.8633534425632965	0.4460492896489276	0.11801817552884955	0.27737709449102593	0.7118973645760351	0.10234776187439153	0.35366354069594236	0.7911279302439007	0.013207899270938253	0.464689424483174	0.9799059135783912	0.08913986260345326	0.23296792425406734	0.3826271916568231	0.7019962057857614	0.263996024252775	-0.3230912866343925	2.8805662871653834	0.740602407356813	-0.46768043507497636	1.8801601987143286	0.2104734083096129	-0.20983717963798537	1.5320855579940182
5	WT	HO	Transport_phospholipid_transfer_proteins	Supply_score	0.7553062246896286	0.8633534425632965	0.4460492896489276	0.11033546658689848	0.16797874757208528	0.5787606701449204	-0.16498469403937993	0.22613867738180696	0.5184545242851035	-0.24832175875649887	0.2814145402954392	0.4706387680117764	0.08333706471711895	0.1586554388419404	0.525270771209697	0.5993949732361559	0.022457883495061264	-1.056120962921095	0.7019278085197371	0.740602407356813	-0.46768043507497636	1.8801601987143286	0.08589430222708516	-0.5617186044270491	0.43665202697453914
5	WT	HO	Transport_phospholipid_transfer_proteins	Synthesis_score	0.7553062246896286	0.8633534425632965	0.4460492896489276	-0.14538650347879736	0.3579067959323562	0.7239267875305448	-0.38782247123451186	0.4546617803223049	0.4563540033145877	-0.2780111401711159	0.5996007108142963	0.6884591107227022	-0.109811331063396	0.29804890193588984	-0.3684339393641395	0.7125496945688012	-0.3237157699548641	-3.6353698858808348	0.49747499575126825	0.740602407356813	-0.46768043507497636	1.8801601987143286	-0.25655742561573297	-1.9335426249139511	0.3094669603160957
5	WT	HO	Transport_phospholipid_transfer_proteins	Transport_score	0.7553062246896286	0.8633534425632965	0.4460492896489276	-0.27672702493470647	0.36818915894937115	0.5307043746122394	0.7111413117656326	0.5090889765492134	0.25684514445723466	0.9201549562386585	0.6168267379362236	0.27428322275184014	-0.20901364447302587	0.3666287956434592	-0.5700960943512151	0.568612524015963	-0.11427950956746956	-1.7089696301113761	1.8993489678727402	0.740602407356813	-0.46768043507497636	1.8801601987143286	-0.2479506084549426	-1.0631079777274246	1.0102059224376385
