feature_id	lipidName	LipidIon	Class	CalcMz	n_samples_total	n_non_na_global	detect_rate_global	min_detect_rate_group	var_log	pass_global	pass_group	pass_var	keep_feature
CL(15:0_16:0_20:0_20:4) | CL(15:0_16:0_20:0_20:4)-2H | 720.5023	CL(15:0_16:0_20:0_20:4)	CL(15:0_16:0_20:0_20:4)-2H	CL	720.502314	12	12	1	1	0.8484698535978263	TRUE	TRUE	TRUE	TRUE
CL(16:0_16:0_16:0_16:0) | CL(16:0_16:0_16:0_16:0)-H | 1351.9650	CL(16:0_16:0_16:0_16:0)	CL(16:0_16:0_16:0_16:0)-H	CL	1351.964955	10	10	1	1	4.203745149664481	TRUE	TRUE	TRUE	TRUE
CL(17:1_18:1_18:2_18:1) | CL(17:1_18:1_18:2_18:1)-H | 1439.9963	CL(17:1_18:1_18:2_18:1)	CL(17:1_18:1_18:2_18:1)-H	CL	1439.996255	12	12	1	1	2.0042120910299794	TRUE	TRUE	TRUE	TRUE
CL(17:1_18:2_18:1_18:2) | CL(17:1_18:2_18:1_18:2)-H | 1437.9806	CL(17:1_18:2_18:1_18:2)	CL(17:1_18:2_18:1_18:2)-H	CL	1437.980605	10	10	1	1	0.44968319937848517	TRUE	TRUE	TRUE	TRUE
CL(17:1_18:2_18:2_18:2) | CL(17:1_18:2_18:2_18:2)-H | 1435.9650	CL(17:1_18:2_18:2_18:2)	CL(17:1_18:2_18:2_18:2)-H	CL	1435.964955	22	22	1	1	0.35796873012972413	TRUE	TRUE	TRUE	TRUE
CL(18:1_16:0_16:0_18:1) | CL(18:1_16:0_16:0_18:1)-H | 1403.9963	CL(18:1_16:0_16:0_18:1)	CL(18:1_16:0_16:0_18:1)-H	CL	1403.996255	12	12	1	1	0.1709283652263897	TRUE	TRUE	TRUE	TRUE
CL(18:1_18:1_16:0_18:2) | CL(18:1_18:1_16:0_18:2)-H | 1427.9963	CL(18:1_18:1_16:0_18:2)	CL(18:1_18:1_16:0_18:2)-H	CL	1427.996255	12	12	1	1	3.7945316102542024	TRUE	TRUE	TRUE	TRUE
CL(18:1_18:1_18:2_20:4)-H | CL(18:1_18:1_18:2_20:4)-H | 1475.9963	CL(18:1_18:1_18:2_20:4)-H	CL(18:1_18:1_18:2_20:4)-H	CL	1475.996255	9	9	1	1	7.926929782296743	TRUE	TRUE	TRUE	TRUE
CL(18:2_14:0_16:1_18:1) | CL(18:2_14:0_16:1_18:1)-H | 1371.9337	CL(18:2_14:0_16:1_18:1)	CL(18:2_14:0_16:1_18:1)-H	CL	1371.933655	10	10	1	1	0.675332458394105	TRUE	TRUE	TRUE	TRUE
CL(18:2_16:0_16:1_18:1) | CL(18:2_16:0_16:1_18:1)-H | 1399.9650	CL(18:2_16:0_16:1_18:1)	CL(18:2_16:0_16:1_18:1)-H	CL	1399.964955	12	12	1	1	0.7827811565257224	TRUE	TRUE	TRUE	TRUE
CL(18:2_16:0_18:1_16:1) | CL(18:2_16:0_18:1_16:1)-H | 1399.9650	CL(18:2_16:0_18:1_16:1)	CL(18:2_16:0_18:1_16:1)-H	CL	1399.964955	10	10	1	1	0.3290369842066714	TRUE	TRUE	TRUE	TRUE
CL(18:2_16:0_18:1_18:2)-H | CL(18:2_16:0_18:1_18:2)-H | 1425.9806	CL(18:2_16:0_18:1_18:2)-H	CL(18:2_16:0_18:1_18:2)-H	CL	1425.9806045300002	9	9	1	1	112.20823316861606	TRUE	TRUE	TRUE	TRUE
CL(18:2_16:1_16:1_16:1) | CL(18:2_16:1_16:1_16:1)-H | 1369.9180	CL(18:2_16:1_16:1_16:1)	CL(18:2_16:1_16:1_16:1)-H	CL	1369.918005	10	10	1	1	0.7594475444971124	TRUE	TRUE	TRUE	TRUE
CL(18:2_16:1_16:1_18:1) | CL(18:2_16:1_16:1_18:1)-H | 1397.9493	CL(18:2_16:1_16:1_18:1)	CL(18:2_16:1_16:1_18:1)-H	CL	1397.949305	10	10	1	1	0.29905986406347185	TRUE	TRUE	TRUE	TRUE
CL(18:2_16:1_16:1_18:2) | CL(18:2_16:1_16:1_18:2)-H | 1395.9337	CL(18:2_16:1_16:1_18:2)	CL(18:2_16:1_16:1_18:2)-H	CL	1395.933655	22	22	1	1	0.6623112970778967	TRUE	TRUE	TRUE	TRUE
CL(18:2_16:1_18:1_16:0) | CL(18:2_16:1_18:1_16:0)-H | 1399.9650	CL(18:2_16:1_18:1_16:0)	CL(18:2_16:1_18:1_16:0)-H	CL	1399.964955	12	12	1	1	0.8682968848099178	TRUE	TRUE	TRUE	TRUE
CL(18:2_16:1_18:1_18:2) | CL(18:2_16:1_18:1_18:2)-H | 1423.9650	CL(18:2_16:1_18:1_18:2)	CL(18:2_16:1_18:1_18:2)-H	CL	1423.964955	22	22	1	1	0.1301927231649707	TRUE	TRUE	TRUE	TRUE
CL(18:2_16:1_18:2_18:1)-H | CL(18:2_16:1_18:2_18:1)-H | 1423.9650	CL(18:2_16:1_18:2_18:1)-H	CL(18:2_16:1_18:2_18:1)-H	CL	1423.9649545300001	9	9	1	1	122.95620033970448	TRUE	TRUE	TRUE	TRUE
CL(18:2_16:1_18:2_18:2) | CL(18:2_16:1_18:2_18:2)-H | 1421.9493	CL(18:2_16:1_18:2_18:2)	CL(18:2_16:1_18:2_18:2)-H	CL	1421.949305	34	34	1	1	17.88059195019321	TRUE	TRUE	TRUE	TRUE
CL(18:2_16:1_18:2_18:2)-H | CL(18:2_16:1_18:2_18:2)-H | 1421.9493	CL(18:2_16:1_18:2_18:2)-H	CL(18:2_16:1_18:2_18:2)-H	CL	1421.949305	9	9	1	1	6.599722072616672	TRUE	TRUE	TRUE	TRUE
CL(18:2_16:1_20:4_18:2) | CL(18:2_16:1_20:4_18:2)-H | 1445.9493	CL(18:2_16:1_20:4_18:2)	CL(18:2_16:1_20:4_18:2)-H	CL	1445.949305	22	22	1	1	3.8916359479796045	TRUE	TRUE	TRUE	TRUE
CL(18:2_18:1_15:1_18:1) | CL(18:2_18:1_15:1_18:1)-H | 1411.9650	CL(18:2_18:1_15:1_18:1)	CL(18:2_18:1_15:1_18:1)-H	CL	1411.964955	12	12	1	1	0.12515455132618294	TRUE	TRUE	TRUE	TRUE
CL(18:2_18:1_16:1_16:1) | CL(18:2_18:1_16:1_16:1)-H | 1397.9493	CL(18:2_18:1_16:1_16:1)	CL(18:2_18:1_16:1_16:1)-H	CL	1397.949305	12	12	1	1	0.06568287544529425	TRUE	TRUE	TRUE	TRUE
CL(18:2_18:1_16:1_18:1) | CL(18:2_18:1_16:1_18:1)-H | 1425.9806	CL(18:2_18:1_16:1_18:1)	CL(18:2_18:1_16:1_18:1)-H	CL	1425.980605	22	22	1	1	0.2251160520721958	TRUE	TRUE	TRUE	TRUE
CL(18:2_18:1_18:1_18:2) | CL(18:2_18:1_18:1_18:2)-H | 1451.9963	CL(18:2_18:1_18:1_18:2)	CL(18:2_18:1_18:1_18:2)-H	CL	1451.996255	34	34	1	1	5.011178729168873	TRUE	TRUE	TRUE	TRUE
CL(18:2_18:1_18:1_18:2)-H | CL(18:2_18:1_18:1_18:2)-H | 1451.9963	CL(18:2_18:1_18:1_18:2)-H	CL(18:2_18:1_18:1_18:2)-H	CL	1451.996255	9	9	1	1	82.51580301413384	TRUE	TRUE	TRUE	TRUE
CL(18:2_18:1_18:1_22:6) | CL(18:2_18:1_18:1_22:6)-H | 1499.9963	CL(18:2_18:1_18:1_22:6)	CL(18:2_18:1_18:1_22:6)-H	CL	1499.996255	12	12	1	1	0.09175787067933742	TRUE	TRUE	TRUE	TRUE
CL(18:2_18:1_18:2_18:2) | CL(18:2_18:1_18:2_18:2)-H | 1449.9806	CL(18:2_18:1_18:2_18:2)	CL(18:2_18:1_18:2_18:2)-H	CL	1449.980605	34	34	1	1	2.8702903114135103	TRUE	TRUE	TRUE	TRUE
CL(18:2_18:1_18:2_18:2)-H | CL(18:2_18:1_18:2_18:2)-H | 1449.9806	CL(18:2_18:1_18:2_18:2)-H	CL(18:2_18:1_18:2_18:2)-H	CL	1449.9806045300002	9	9	1	1	5.600918281426981	TRUE	TRUE	TRUE	TRUE
CL(18:2_18:1_18:2_20:3) | CL(18:2_18:1_18:2_20:3)-H | 1475.9963	CL(18:2_18:1_18:2_20:3)	CL(18:2_18:1_18:2_20:3)-H	CL	1475.996255	10	10	1	1	0.24023925179478078	TRUE	TRUE	TRUE	TRUE
CL(18:2_18:1_18:2_20:4) | CL(18:2_18:1_18:2_20:4)-H | 1473.9806	CL(18:2_18:1_18:2_20:4)	CL(18:2_18:1_18:2_20:4)-H	CL	1473.980605	22	22	1	1	0.23620203419242206	TRUE	TRUE	TRUE	TRUE
CL(18:2_18:1_18:2_22:6) | CL(18:2_18:1_18:2_22:6)-H | 1497.9806	CL(18:2_18:1_18:2_22:6)	CL(18:2_18:1_18:2_22:6)-H	CL	1497.980605	22	22	1	1	3.352656490829078	TRUE	TRUE	TRUE	TRUE
CL(18:2_18:1_20:4_20:4)-H | CL(18:2_18:1_20:4_20:4)-H | 1497.9806	CL(18:2_18:1_20:4_20:4)-H	CL(18:2_18:1_20:4_20:4)-H	CL	1497.980605	9	9	1	1	87.42569543340211	TRUE	TRUE	TRUE	TRUE
CL(18:2_18:2_16:1_16:1) | CL(18:2_18:2_16:1_16:1)-H | 1395.9337	CL(18:2_18:2_16:1_16:1)	CL(18:2_18:2_16:1_16:1)-H	CL	1395.933655	12	12	1	1	50.56901712462215	TRUE	TRUE	TRUE	TRUE
CL(18:2_18:2_18:1_20:3) | CL(18:2_18:2_18:1_20:3)-H | 1475.9963	CL(18:2_18:2_18:1_20:3)	CL(18:2_18:2_18:1_20:3)-H	CL	1475.996255	24	24	1	1	4.350457269944608	TRUE	TRUE	TRUE	TRUE
CL(18:2_18:2_18:2_18:2) | CL(18:2_18:2_18:2_18:2)-H | 1447.9650	CL(18:2_18:2_18:2_18:2)	CL(18:2_18:2_18:2_18:2)-H	CL	1447.964955	34	34	1	1	1.672803882329745	TRUE	TRUE	TRUE	TRUE
CL(18:2_18:2_18:2_18:2)-H | CL(18:2_18:2_18:2_18:2)-H | 1447.9650	CL(18:2_18:2_18:2_18:2)-H	CL(18:2_18:2_18:2_18:2)-H	CL	1447.9649545300001	9	9	1	1	4.0880958030106695	TRUE	TRUE	TRUE	TRUE
CL(18:2_18:2_18:2_20:3) | CL(18:2_18:2_18:2_20:3)-H | 1473.9806	CL(18:2_18:2_18:2_20:3)	CL(18:2_18:2_18:2_20:3)-H	CL	1473.980605	12	12	1	1	1.091638842386187	TRUE	TRUE	TRUE	TRUE
CL(18:2_18:2_18:2_20:3)-H | CL(18:2_18:2_18:2_20:3)-H | 1473.9806	CL(18:2_18:2_18:2_20:3)-H	CL(18:2_18:2_18:2_20:3)-H	CL	1473.9806045300002	9	9	1	1	78.60791985091316	TRUE	TRUE	TRUE	TRUE
CL(18:2_18:2_18:2_20:4) | CL(18:2_18:2_18:2_20:4)-H | 1471.9650	CL(18:2_18:2_18:2_20:4)	CL(18:2_18:2_18:2_20:4)-H	CL	1471.964955	34	34	1	1	1.3747646822123158	TRUE	TRUE	TRUE	TRUE
CL(18:2_18:2_18:2_20:4)-H | CL(18:2_18:2_18:2_20:4)-H | 1471.9650	CL(18:2_18:2_18:2_20:4)-H	CL(18:2_18:2_18:2_20:4)-H	CL	1471.9649545300001	9	9	1	1	4.501403034413037	TRUE	TRUE	TRUE	TRUE
CL(18:2_18:2_18:2_22:5)-H | CL(18:2_18:2_18:2_22:5)-H | 1497.9806	CL(18:2_18:2_18:2_22:5)-H	CL(18:2_18:2_18:2_22:5)-H	CL	1497.980605	9	9	1	1	120.49461283043009	TRUE	TRUE	TRUE	TRUE
CL(18:2_18:2_20:4_20:4) | CL(18:2_18:2_20:4_20:4)-H | 1495.9650	CL(18:2_18:2_20:4_20:4)	CL(18:2_18:2_20:4_20:4)-H	CL	1495.964955	24	24	1	1	1.2488138469398884	TRUE	TRUE	TRUE	TRUE
CL(18:2_20:3_20:4_18:1) | CL(18:2_20:3_20:4_18:1)-H | 1499.9963	CL(18:2_20:3_20:4_18:1)	CL(18:2_20:3_20:4_18:1)-H	CL	1499.996255	10	10	1	1	0.27493497227827807	TRUE	TRUE	TRUE	TRUE
CL(18:2_20:4_18:2_16:1) | CL(18:2_20:4_18:2_16:1)-H | 1445.9493	CL(18:2_20:4_18:2_16:1)	CL(18:2_20:4_18:2_16:1)-H	CL	1445.949305	12	12	1	1	0.6293721019089618	TRUE	TRUE	TRUE	TRUE
CL(18:2_20:4_18:2_20:4) | CL(18:2_20:4_18:2_20:4)-H | 1495.9650	CL(18:2_20:4_18:2_20:4)	CL(18:2_20:4_18:2_20:4)-H	CL	1495.964955	12	12	1	1	0.04433016938408456	TRUE	TRUE	TRUE	TRUE
CL(18:2_20:4_22:6_18:2) | CL(18:2_20:4_22:6_18:2)-H | 1519.9650	CL(18:2_20:4_22:6_18:2)	CL(18:2_20:4_22:6_18:2)-H	CL	1519.964955	12	12	1	1	0.11917201324323798	TRUE	TRUE	TRUE	TRUE
CL(18:3_20:4_18:2_18:2) | CL(18:3_20:4_18:2_18:2)-H | 1469.9493	CL(18:3_20:4_18:2_18:2)	CL(18:3_20:4_18:2_18:2)-H	CL	1469.949305	12	12	1	1	0.3107499461331597	TRUE	TRUE	TRUE	TRUE
CL(19:1_18:2_18:1_18:2) | CL(19:1_18:2_18:1_18:2)-H | 1466.0119	CL(19:1_18:2_18:1_18:2)	CL(19:1_18:2_18:1_18:2)-H	CL	1466.011905	12	12	1	1	1.7716009179751355	TRUE	TRUE	TRUE	TRUE
CL(19:1_18:2_18:2_18:2) | CL(19:1_18:2_18:2_18:2)-H | 1463.9963	CL(19:1_18:2_18:2_18:2)	CL(19:1_18:2_18:2_18:2)-H	CL	1463.996255	12	12	1	1	0.8628032768737826	TRUE	TRUE	TRUE	TRUE
CL(20:2_18:1_18:2_18:2) | CL(20:2_18:1_18:2_18:2)-H | 1478.0119	CL(20:2_18:1_18:2_18:2)	CL(20:2_18:1_18:2_18:2)-H	CL	1478.011905	10	10	1	1	2.065208946744111	TRUE	TRUE	TRUE	TRUE
CL(20:2_18:2_18:1_18:2)-H | CL(20:2_18:2_18:1_18:2)-H | 1478.0119	CL(20:2_18:2_18:1_18:2)-H	CL(20:2_18:2_18:1_18:2)-H	CL	1478.011905	9	9	1	1	133.6591326656311	TRUE	TRUE	TRUE	TRUE
CL(20:4_18:0_18:1_18:2) | CL(20:4_18:0_18:1_18:2)-H | 1478.0119	CL(20:4_18:0_18:1_18:2)	CL(20:4_18:0_18:1_18:2)-H	CL	1478.011905	12	12	1	1	0.034357303373192545	TRUE	TRUE	TRUE	TRUE
CL(20:4_18:1_18:2_20:3)-H | CL(20:4_18:1_18:2_20:3)-H | 1499.9963	CL(20:4_18:1_18:2_20:3)-H	CL(20:4_18:1_18:2_20:3)-H	CL	1499.996255	9	9	1	1	71.89735709534511	TRUE	TRUE	TRUE	TRUE
CL(20:5_16:1_18:2_18:2) | CL(20:5_16:1_18:2_18:2)-H | 1443.9337	CL(20:5_16:1_18:2_18:2)	CL(20:5_16:1_18:2_18:2)-H	CL	1443.933655	10	10	1	1	1.115829861792398	TRUE	TRUE	TRUE	TRUE
CL(20:5_18:2_16:1_16:1) | CL(20:5_18:2_16:1_16:1)-H | 1417.9180	CL(20:5_18:2_16:1_16:1)	CL(20:5_18:2_16:1_16:1)-H	CL	1417.918005	10	10	1	1	1.660294897481327	TRUE	TRUE	TRUE	TRUE
CL(20:5_18:2_16:1_18:2) | CL(20:5_18:2_16:1_18:2)-H | 1443.9337	CL(20:5_18:2_16:1_18:2)	CL(20:5_18:2_16:1_18:2)-H	CL	1443.933655	12	12	1	1	0.03694709711446397	TRUE	TRUE	TRUE	TRUE
CL(20:5_18:2_18:2_18:2) | CL(20:5_18:2_18:2_18:2)-H | 1469.9493	CL(20:5_18:2_18:2_18:2)	CL(20:5_18:2_18:2_18:2)-H	CL	1469.949305	12	12	1	1	59.11738856655708	TRUE	TRUE	TRUE	TRUE
CL(20:5_18:2_18:2_18:2)-H | CL(20:5_18:2_18:2_18:2)-H | 1469.9493	CL(20:5_18:2_18:2_18:2)-H	CL(20:5_18:2_18:2_18:2)-H	CL	1469.949305	9	9	1	1	112.9591027635547	TRUE	TRUE	TRUE	TRUE
CL(20:5_18:2_18:2_20:4) | CL(20:5_18:2_18:2_20:4)-H | 1493.9493	CL(20:5_18:2_18:2_20:4)	CL(20:5_18:2_18:2_20:4)-H	CL	1493.949305	12	12	1	1	0.05417608892255266	TRUE	TRUE	TRUE	TRUE
CL(20:5_20:4_18:2_18:2) | CL(20:5_20:4_18:2_18:2)-H | 1493.9493	CL(20:5_20:4_18:2_18:2)	CL(20:5_20:4_18:2_18:2)-H	CL	1493.949305	10	10	1	1	1.024819367379835	TRUE	TRUE	TRUE	TRUE
CL(21:0_22:4_18:1_18:0) | CL(21:0_22:4_18:1_18:0)-H | 1552.1215	CL(21:0_22:4_18:1_18:0)	CL(21:0_22:4_18:1_18:0)-H	CL	1552.121455	10	10	1	1	0.04232671234709925	TRUE	TRUE	TRUE	TRUE
CL(21:0_22:5_18:0_18:1) | CL(21:0_22:5_18:0_18:1)-2H | 774.5493	CL(21:0_22:5_18:0_18:1)	CL(21:0_22:5_18:0_18:1)-2H	CL	774.549264	12	12	1	1	0.01260418016096458	TRUE	TRUE	FALSE	FALSE
CL(21:0_22:6_16:0_18:1) | CL(21:0_22:6_16:0_18:1)-H | 1520.0589	CL(21:0_22:6_16:0_18:1)	CL(21:0_22:6_16:0_18:1)-H	CL	1520.058855	12	12	1	1	0.023833969538285472	TRUE	TRUE	TRUE	TRUE
CL(21:1_22:5_18:1_18:1) | CL(21:1_22:5_18:1_18:1)-2H | 772.5336	CL(21:1_22:5_18:1_18:1)	CL(21:1_22:5_18:1_18:1)-2H	CL	772.53361399999994	12	12	1	1	0.011846012589158024	TRUE	TRUE	FALSE	FALSE
CL(22:1_24:1_18:0_18:1) | CL(22:1_24:1_18:0_18:1)-H | 1598.1997	CL(22:1_24:1_18:0_18:1)	CL(22:1_24:1_18:0_18:1)-H	CL	1598.199705	10	10	1	1	0.5820305938978285	TRUE	TRUE	TRUE	TRUE
CL(23:0_20:3_18:0_22:4) | CL(23:0_20:3_18:0_22:4)-H | 1604.1528	CL(23:0_20:3_18:0_22:4)	CL(23:0_20:3_18:0_22:4)-H	CL	1604.152755	10	10	1	1	0.14501300086187593	TRUE	TRUE	TRUE	TRUE
CL(23:0_22:5_18:0_18:1)-H | CL(23:0_22:5_18:0_18:1)-H | 1578.1371	CL(23:0_22:5_18:0_18:1)-H	CL(23:0_22:5_18:0_18:1)-H	CL	1578.137105	9	9	1	1	0.06301390919307276	TRUE	TRUE	TRUE	TRUE
CL(24:0_16:0_18:0_14:0)-2H | CL(24:0_16:0_18:0_14:0)-2H | 731.5414	CL(24:0_16:0_18:0_14:0)-2H	CL(24:0_16:0_18:0_14:0)-2H	CL	731.5414390299999	9	9	1	1	0.052646674067344724	TRUE	TRUE	TRUE	TRUE
CL(24:0_18:2_18:1_18:1)-2H | CL(24:0_18:2_18:1_18:1)-2H | 769.5571	CL(24:0_18:2_18:1_18:1)-2H	CL(24:0_18:2_18:1_18:1)-2H	CL	769.5570890299999	9	9	1	1	0.4273111788439396	TRUE	TRUE	TRUE	TRUE
CL(64:4) | CL(64:4)-H | 1343.9024	CL(64:4)	CL(64:4)-H	CL	1343.902355	10	10	1	1	32.509989225715984	TRUE	TRUE	TRUE	TRUE
CL(66:1)-2H | CL(66:1)-2H | 688.4867	CL(66:1)-2H	CL(66:1)-2H	CL	688.4866640299999	9	9	1	1	0.036592162971149964	TRUE	TRUE	TRUE	TRUE
CL(66:3)-2H | CL(66:3)-2H | 686.4710	CL(66:3)-2H	CL(66:3)-2H	CL	686.4710140299999	9	9	1	1	0.028678660001390563	TRUE	TRUE	TRUE	TRUE
CL(66:4) | CL(66:4)+H | 1373.9482	CL(66:4)	CL(66:4)+H	CL	1373.948207	10	10	1	1	4.03282996489924	TRUE	TRUE	TRUE	TRUE
CL(67:0) | CL(67:0)-2H | 696.5023	CL(67:0)	CL(67:0)-2H	CL	696.502314	12	12	1	1	0.04028089665668797	TRUE	TRUE	TRUE	TRUE
CL(67:0) | CL(67:0)-H | 1394.0119	CL(67:0)	CL(67:0)-H	CL	1394.011905	10	10	1	1	1.1515931114608398	TRUE	TRUE	TRUE	TRUE
CL(67:4) | CL(67:4)-H | 1385.9493	CL(67:4)	CL(67:4)-H	CL	1385.949305	10	10	1	1	0.8125875121319546	TRUE	TRUE	TRUE	TRUE
CL(67:5) | CL(67:5)-H | 1383.9337	CL(67:5)	CL(67:5)-H	CL	1383.933655	10	10	1	1	1.6989285275158046	TRUE	TRUE	TRUE	TRUE
CL(68:5) | CL(68:5)+H | 1399.9639	CL(68:5)	CL(68:5)+H	CL	1399.963857	10	10	1	1	1.046139526148851	TRUE	TRUE	TRUE	TRUE
CL(68:7) | CL(68:7)-H | 1393.9180	CL(68:7)	CL(68:7)-H	CL	1393.918005	10	10	1	1	1.4522102679556346	TRUE	TRUE	TRUE	TRUE
CL(69:1) | CL(69:1)-H | 1420.0276	CL(69:1)	CL(69:1)-H	CL	1420.027555	10	10	1	1	0.28168272217045814	TRUE	TRUE	TRUE	TRUE
CL(69:5) | CL(69:5)-H | 1411.9650	CL(69:5)	CL(69:5)-H	CL	1411.964955	10	10	1	1	0.37052852411522524	TRUE	TRUE	TRUE	TRUE
CL(69:6) | CL(69:6)-H | 1409.9493	CL(69:6)	CL(69:6)-H	CL	1409.949305	22	22	1	1	0.7048491394362821	TRUE	TRUE	TRUE	TRUE
CL(70:1) | CL(70:1)-H | 1434.0432	CL(70:1)	CL(70:1)-H	CL	1434.043205	10	10	1	1	0.07891102546829552	TRUE	TRUE	TRUE	TRUE
CL(70:2)-2H | CL(70:2)-2H | 715.5101	CL(70:2)-2H	CL(70:2)-2H	CL	715.5101390299999	9	9	1	1	0.0128363372507624	TRUE	TRUE	FALSE	FALSE
CL(70:3)-2H | CL(70:3)-2H | 714.5023	CL(70:3)-2H	CL(70:3)-2H	CL	714.5023140299999	9	9	1	1	0.02053909676775393	TRUE	TRUE	TRUE	TRUE
CL(70:4) | CL(70:4)+Na | 1451.9928	CL(70:4)	CL(70:4)+Na	CL	1451.992752	10	10	1	1	0.6792848419887654	TRUE	TRUE	TRUE	TRUE
CL(70:5) | CL(70:5)+Na | 1449.9771	CL(70:5)	CL(70:5)+Na	CL	1449.977102	22	22	1	1	0.8436892001630799	TRUE	TRUE	TRUE	TRUE
CL(70:6) | CL(70:6)+H | 1425.9795	CL(70:6)	CL(70:6)+H	CL	1425.979507	22	22	1	1	0.19255369219373014	TRUE	TRUE	TRUE	TRUE
CL(70:7)-2H | CL(70:7)-2H | 710.4710	CL(70:7)-2H	CL(70:7)-2H	CL	710.4710140299999	9	9	1	1	0.039742254331471875	TRUE	TRUE	TRUE	TRUE
CL(71:0) | CL(71:0)-2H | 724.5336	CL(71:0)	CL(71:0)-2H	CL	724.53361399999994	12	12	1	1	0.01423395903289119	TRUE	TRUE	TRUE	TRUE
CL(71:4) | CL(71:4)+H | 1444.0265	CL(71:4)	CL(71:4)+H	CL	1444.026457	10	10	1	1	45.6050877778484	TRUE	TRUE	TRUE	TRUE
CL(71:4) | CL(71:4)-2H | 720.5023	CL(71:4)	CL(71:4)-2H	CL	720.502314	12	12	1	1	0.003989398595475895	TRUE	TRUE	FALSE	FALSE
CL(71:6) | CL(71:6)-2H | 718.4867	CL(71:6)	CL(71:6)-2H	CL	718.486664	12	12	1	1	0.0975891880631758	TRUE	TRUE	TRUE	TRUE
CL(71:8) | CL(71:8)-H | 1433.9493	CL(71:8)	CL(71:8)-H	CL	1433.949305	10	10	1	1	1.1346783490411227	TRUE	TRUE	TRUE	TRUE
CL(72:1) | CL(72:1)-H | 1462.0745	CL(72:1)	CL(72:1)-H	CL	1462.074505	34	34	1	1	14.041560511147518	TRUE	TRUE	TRUE	TRUE
CL(72:1)-2H | CL(72:1)-2H | 730.5336	CL(72:1)-2H	CL(72:1)-2H	CL	730.5336140299999	9	9	1	1	0.06607818493950901	TRUE	TRUE	TRUE	TRUE
CL(72:3)-2H | CL(72:3)-2H | 728.5180	CL(72:3)-2H	CL(72:3)-2H	CL	728.5179640299999	9	9	1	1	0.28082712127212245	TRUE	TRUE	TRUE	TRUE
CL(72:4) | CL(72:4)+Na | 1480.0241	CL(72:4)	CL(72:4)+Na	CL	1480.024052	10	10	1	1	3.5839123728680935	TRUE	TRUE	TRUE	TRUE
CL(72:5) | CL(72:5)+Na | 1478.0084	CL(72:5)	CL(72:5)+Na	CL	1478.008402	22	22	1	1	0.6678126368239363	TRUE	TRUE	TRUE	TRUE
CL(72:6) | CL(72:6)+H | 1454.0108	CL(72:6)	CL(72:6)+H	CL	1454.0108074699997	19	19	1	1	36.33607967160248	TRUE	TRUE	TRUE	TRUE
CL(72:7) | CL(72:7)-H | 1449.9806	CL(72:7)	CL(72:7)-H	CL	1449.980605	10	10	1	1	0.3999729132453113	TRUE	TRUE	TRUE	TRUE
CL(72:7)-2H | CL(72:7)-2H | 724.4867	CL(72:7)-2H	CL(72:7)-2H	CL	724.4866640299999	9	9	1	1	108.39250239038954	TRUE	TRUE	TRUE	TRUE
CL(72:8) | CL(72:8)+H | 1449.9795	CL(72:8)	CL(72:8)+H	CL	1449.9795074699998	9	9	1	1	82.83874624518472	TRUE	TRUE	TRUE	TRUE
CL(73:1) | CL(73:1)-2H | 737.5414	CL(73:1)	CL(73:1)-2H	CL	737.541439	12	12	1	1	0.019150147863359637	TRUE	TRUE	TRUE	TRUE
CL(73:1) | CL(73:1)-H | 1476.0902	CL(73:1)	CL(73:1)-H	CL	1476.090155	10	10	1	1	0.02507473971845977	TRUE	TRUE	TRUE	TRUE
CL(73:2) | CL(73:2)-H | 1474.0745	CL(73:2)	CL(73:2)-H	CL	1474.074505	10	10	1	1	0.15727666845449115	TRUE	TRUE	TRUE	TRUE
CL(73:3) | CL(73:3)+ | 1496.0554	CL(73:3)	CL(73:3)+	CL	1496.055352	9	9	1	1	11.06381255497444	TRUE	TRUE	TRUE	TRUE
CL(73:3) | CL(73:3)+Na | 1496.0554	CL(73:3)	CL(73:3)+Na	CL	1496.055352	10	10	1	1	1.2259718236947073	TRUE	TRUE	TRUE	TRUE
CL(73:4) | CL(73:4)+Na | 1494.0397	CL(73:4)	CL(73:4)+Na	CL	1494.039702	12	12	1	1	0.020464472918066186	TRUE	TRUE	TRUE	TRUE
CL(73:4) | CL(73:4)-H | 1470.0432	CL(73:4)	CL(73:4)-H	CL	1470.043205	10	10	1	1	0.033355569197190245	TRUE	TRUE	TRUE	TRUE
CL(73:5) | CL(73:5)-H | 1468.0276	CL(73:5)	CL(73:5)-H	CL	1468.027555	22	22	1	1	0.10804109019202321	TRUE	TRUE	TRUE	TRUE
CL(73:6) | CL(73:6)-H | 1466.0119	CL(73:6)	CL(73:6)-H	CL	1466.011905	10	10	1	1	0.895277770808415	TRUE	TRUE	TRUE	TRUE
CL(73:7) | CL(73:7)-H | 1463.9963	CL(73:7)	CL(73:7)-H	CL	1463.996255	10	10	1	1	0.49119178728761426	TRUE	TRUE	TRUE	TRUE
CL(73:9) | CL(73:9)-H | 1459.9650	CL(73:9)	CL(73:9)-H	CL	1459.964955	10	10	1	1	0.9184881488618155	TRUE	TRUE	TRUE	TRUE
CL(74:0) | CL(74:0)-2H | 745.5571	CL(74:0)	CL(74:0)-2H	CL	745.557089	12	12	1	1	0.013113448005244395	TRUE	TRUE	FALSE	FALSE
CL(74:1)-2H | CL(74:1)-2H | 744.5493	CL(74:1)-2H	CL(74:1)-2H	CL	744.5492640299999	9	9	1	1	0.2782314584488806	TRUE	TRUE	TRUE	TRUE
CL(74:1)-H | CL(74:1)-H | 1490.1058	CL(74:1)-H	CL(74:1)-H	CL	1490.105805	9	9	1	1	0.13082492325892237	TRUE	TRUE	TRUE	TRUE
CL(74:12) | CL(74:12)-H | 1467.9337	CL(74:12)	CL(74:12)-H	CL	1467.933655	10	10	1	1	36.22437822742587	TRUE	TRUE	TRUE	TRUE
CL(74:2) | CL(74:2)-2H | 743.5414	CL(74:2)	CL(74:2)-2H	CL	743.541439	12	12	1	1	0.017531504518936904	TRUE	TRUE	TRUE	TRUE
CL(74:2) | CL(74:2)-H | 1488.0902	CL(74:2)	CL(74:2)-H	CL	1488.090155	22	22	1	1	19.735432086553832	TRUE	TRUE	TRUE	TRUE
CL(74:2)-2H | CL(74:2)-2H | 743.5414	CL(74:2)-2H	CL(74:2)-2H	CL	743.5414390299999	9	9	1	1	0.04265361626820178	TRUE	TRUE	TRUE	TRUE
CL(74:3) | CL(74:3)-H | 1486.0745	CL(74:3)	CL(74:3)-H	CL	1486.074505	10	10	1	1	0.06770958279381006	TRUE	TRUE	TRUE	TRUE
CL(74:3)-H | CL(74:3)-H | 1486.0745	CL(74:3)-H	CL(74:3)-H	CL	1486.074505	9	9	1	1	0.026606149933694347	TRUE	TRUE	TRUE	TRUE
CL(74:4) | CL(74:4)-H | 1484.0589	CL(74:4)	CL(74:4)-H	CL	1484.058855	10	10	1	1	0.053676377853169026	TRUE	TRUE	TRUE	TRUE
CL(74:5)-2H | CL(74:5)-2H | 740.5180	CL(74:5)-2H	CL(74:5)-2H	CL	740.5179640299999	9	9	1	1	0.014808097256397972	TRUE	TRUE	TRUE	TRUE
CL(74:6) | CL(74:6)+Na | 1504.0241	CL(74:6)	CL(74:6)+Na	CL	1504.024052	10	10	1	1	4.615532702942366	TRUE	TRUE	TRUE	TRUE
CL(74:7) | CL(74:7)+H | 1480.0265	CL(74:7)	CL(74:7)+H	CL	1480.026457	10	10	1	1	0.19622297133149574	TRUE	TRUE	TRUE	TRUE
CL(74:7)-2H | CL(74:7)-2H | 738.5023	CL(74:7)-2H	CL(74:7)-2H	CL	738.5023140299999	9	9	1	1	0.19060202931562692	TRUE	TRUE	TRUE	TRUE
CL(74:8) | CL(74:8)-H | 1475.9963	CL(74:8)	CL(74:8)-H	CL	1475.996255	10	10	1	1	30.352695478323508	TRUE	TRUE	TRUE	TRUE
CL(74:9)-2H | CL(74:9)-2H | 736.4867	CL(74:9)-2H	CL(74:9)-2H	CL	736.4866640299999	9	9	1	1	0.6319700897838153	TRUE	TRUE	TRUE	TRUE
CL(75:2) | CL(75:2)-H | 1502.1058	CL(75:2)	CL(75:2)-H	CL	1502.105805	34	34	1	1	0.07494355419528843	TRUE	TRUE	TRUE	TRUE
CL(75:2)-H | CL(75:2)-H | 1502.1058	CL(75:2)-H	CL(75:2)-H	CL	1502.105805	9	9	1	1	0.19403822144238755	TRUE	TRUE	TRUE	TRUE
CL(75:3) | CL(75:3)-H | 1500.0902	CL(75:3)	CL(75:3)-H	CL	1500.090155	10	10	1	1	0.02703834575520283	TRUE	TRUE	TRUE	TRUE
CL(75:3)-H | CL(75:3)-H | 1500.0902	CL(75:3)-H	CL(75:3)-H	CL	1500.090155	9	9	1	1	0.049008960263656365	TRUE	TRUE	TRUE	TRUE
CL(75:4) | CL(75:4)-H | 1498.0745	CL(75:4)	CL(75:4)-H	CL	1498.074505	22	22	1	1	18.511577175281076	TRUE	TRUE	TRUE	TRUE
CL(75:5) | CL(75:5)-H | 1496.0589	CL(75:5)	CL(75:5)-H	CL	1496.058855	22	22	1	1	2.607692458670016	TRUE	TRUE	TRUE	TRUE
CL(75:5)-H | CL(75:5)-H | 1496.0589	CL(75:5)-H	CL(75:5)-H	CL	1496.058855	9	9	1	1	0.01315686696270155	TRUE	TRUE	FALSE	FALSE
CL(75:6) | CL(75:6)-H | 1494.0432	CL(75:6)	CL(75:6)-H	CL	1494.043205	34	34	1	1	0.9600095022040153	TRUE	TRUE	TRUE	TRUE
CL(75:6)-H | CL(75:6)-H | 1494.0432	CL(75:6)-H	CL(75:6)-H	CL	1494.043205	9	9	1	1	0.05263245100083082	TRUE	TRUE	TRUE	TRUE
CL(76:10) | CL(76:10)-H | 1499.9963	CL(76:10)	CL(76:10)-H	CL	1499.996255	10	10	1	1	0.0661801539401023	TRUE	TRUE	TRUE	TRUE
CL(76:12) | CL(76:12)-H | 1495.9650	CL(76:12)	CL(76:12)-H	CL	1495.964955	10	10	1	1	0.12176510663361952	TRUE	TRUE	TRUE	TRUE
CL(76:4) | CL(76:4)-H | 1512.0902	CL(76:4)	CL(76:4)-H	CL	1512.090155	22	22	1	1	0.4741110273369534	TRUE	TRUE	TRUE	TRUE
CL(76:4)-H | CL(76:4)-H | 1512.0902	CL(76:4)-H	CL(76:4)-H	CL	1512.090155	9	9	1	1	0.06870291150164043	TRUE	TRUE	TRUE	TRUE
CL(76:6) | CL(76:6)-H | 1508.0589	CL(76:6)	CL(76:6)-H	CL	1508.058855	10	10	1	1	0.1345137250097162	TRUE	TRUE	TRUE	TRUE
CL(76:7)-2H | CL(76:7)-2H | 752.5180	CL(76:7)-2H	CL(76:7)-2H	CL	752.5179640299999	9	9	1	1	0.30491079258159093	TRUE	TRUE	TRUE	TRUE
CL(76:9) | CL(76:9)-H | 1502.0119	CL(76:9)	CL(76:9)-H	CL	1502.011905	22	22	1	1	0.29658286600687067	TRUE	TRUE	TRUE	TRUE
CL(77:1) | CL(77:1)-H | 1532.1528	CL(77:1)	CL(77:1)-H	CL	1532.152755	34	34	1	1	0.028707700130314758	TRUE	TRUE	TRUE	TRUE
CL(77:2) | CL(77:2)-2H | 764.5649	CL(77:2)	CL(77:2)-2H	CL	764.564914	12	12	1	1	0.22977198116696335	TRUE	TRUE	TRUE	TRUE
CL(77:2) | CL(77:2)-H | 1530.1371	CL(77:2)	CL(77:2)-H	CL	1530.137105	22	22	1	1	0.32564799436300146	TRUE	TRUE	TRUE	TRUE
CL(77:3) | CL(77:3)-H | 1528.1215	CL(77:3)	CL(77:3)-H	CL	1528.121455	24	24	1	1	0.024357695791168116	TRUE	TRUE	TRUE	TRUE
CL(77:3)-H | CL(77:3)-H | 1528.1215	CL(77:3)-H	CL(77:3)-H	CL	1528.1214545300002	9	9	1	1	0.013791535129839159	TRUE	TRUE	TRUE	TRUE
CL(77:4) | CL(77:4)-H | 1526.1058	CL(77:4)	CL(77:4)-H	CL	1526.105805	22	22	1	1	0.09385280457566657	TRUE	TRUE	TRUE	TRUE
CL(77:5) | CL(77:5)-H | 1524.0902	CL(77:5)	CL(77:5)-H	CL	1524.090155	22	22	1	1	0.044183765315866236	TRUE	TRUE	TRUE	TRUE
CL(77:6) | CL(77:6)-H | 1522.0745	CL(77:6)	CL(77:6)-H	CL	1522.074505	24	24	1	1	0.4911682727206504	TRUE	TRUE	TRUE	TRUE
CL(77:6)-H | CL(77:6)-H | 1522.0745	CL(77:6)-H	CL(77:6)-H	CL	1522.074505	9	9	1	1	0.0171757893837939	TRUE	TRUE	TRUE	TRUE
CL(77:7)-H | CL(77:7)-H | 1520.0589	CL(77:7)-H	CL(77:7)-H	CL	1520.058855	9	9	1	1	0.17020245344684928	TRUE	TRUE	TRUE	TRUE
CL(78:0)-2H | CL(78:0)-2H | 773.5884	CL(78:0)-2H	CL(78:0)-2H	CL	773.5883890299999	9	9	1	1	2.2524411453652995	TRUE	TRUE	TRUE	TRUE
CL(78:10) | CL(78:10)-H | 1528.0276	CL(78:10)	CL(78:10)-H	CL	1528.027555	10	10	1	1	0.6906655948219846	TRUE	TRUE	TRUE	TRUE
CL(78:12) | CL(78:12)-H | 1523.9963	CL(78:12)	CL(78:12)-H	CL	1523.996255	10	10	1	1	1.0358333450846868	TRUE	TRUE	TRUE	TRUE
CL(78:2) | CL(78:2)-2H | 771.5727	CL(78:2)	CL(78:2)-2H	CL	771.572739	12	12	1	1	0.029567837872785885	TRUE	TRUE	TRUE	TRUE
CL(78:2)-2H | CL(78:2)-2H | 771.5727	CL(78:2)-2H	CL(78:2)-2H	CL	771.5727390299999	9	9	1	1	0.006089661991575806	TRUE	TRUE	FALSE	FALSE
CL(78:3)-2H | CL(78:3)-2H | 770.5649	CL(78:3)-2H	CL(78:3)-2H	CL	770.5649140299998	9	9	1	1	0.02814038193752306	TRUE	TRUE	TRUE	TRUE
CL(78:4) | CL(78:4)-2H | 769.5571	CL(78:4)	CL(78:4)-2H	CL	769.557089	12	12	1	1	0.07565356402638566	TRUE	TRUE	TRUE	TRUE
CL(78:5)-2H | CL(78:5)-2H | 768.5493	CL(78:5)-2H	CL(78:5)-2H	CL	768.5492640299999	9	9	1	1	0.4324509733695004	TRUE	TRUE	TRUE	TRUE
CL(78:6) | CL(78:6)-H | 1536.0902	CL(78:6)	CL(78:6)-H	CL	1536.090155	34	34	1	1	0.11779043440535214	TRUE	TRUE	TRUE	TRUE
CL(78:6)-2H | CL(78:6)-2H | 767.5414	CL(78:6)-2H	CL(78:6)-2H	CL	767.5414390299999	9	9	1	1	0.018845964545775806	TRUE	TRUE	TRUE	TRUE
CL(78:6)-H | CL(78:6)-H | 1536.0902	CL(78:6)-H	CL(78:6)-H	CL	1536.090155	9	9	1	1	0.018739271919768482	TRUE	TRUE	TRUE	TRUE
CL(78:7) | CL(78:7)-H | 1534.0745	CL(78:7)	CL(78:7)-H	CL	1534.074505	10	10	1	1	0.04733528140358381	TRUE	TRUE	TRUE	TRUE
CL(78:7)-2H | CL(78:7)-2H | 766.5336	CL(78:7)-2H	CL(78:7)-2H	CL	766.5336140299999	9	9	1	1	5.173203797767944	TRUE	TRUE	TRUE	TRUE
CL(78:7)-H | CL(78:7)-H | 1534.0745	CL(78:7)-H	CL(78:7)-H	CL	1534.074505	9	9	1	1	0.017155553975029478	TRUE	TRUE	TRUE	TRUE
CL(78:9) | CL(78:9)+H | 1532.0578	CL(78:9)	CL(78:9)+H	CL	1532.057757	10	10	1	1	0.09708072367304388	TRUE	TRUE	TRUE	TRUE
CL(79:10) | CL(79:10)-H | 1542.0432	CL(79:10)	CL(79:10)-H	CL	1542.043205	10	10	1	1	0.19659224146449406	TRUE	TRUE	TRUE	TRUE
CL(79:2) | CL(79:2)-H | 1558.1684	CL(79:2)	CL(79:2)-H	CL	1558.168405	24	24	1	1	0.6399132368051188	TRUE	TRUE	TRUE	TRUE
CL(79:3)-H | CL(79:3)-H | 1556.1528	CL(79:3)-H	CL(79:3)-H	CL	1556.152755	9	9	1	1	0.025560339430974872	TRUE	TRUE	TRUE	TRUE
CL(79:4) | CL(79:4)-H | 1554.1371	CL(79:4)	CL(79:4)-H	CL	1554.137105	10	10	1	1	0.039753801047604106	TRUE	TRUE	TRUE	TRUE
CL(79:4)-H | CL(79:4)-H | 1554.1371	CL(79:4)-H	CL(79:4)-H	CL	1554.137105	9	9	1	1	0.009985893540533423	TRUE	TRUE	FALSE	FALSE
CL(79:5) | CL(79:5)-H | 1552.1215	CL(79:5)	CL(79:5)-H	CL	1552.121455	24	24	1	1	0.34798055570209857	TRUE	TRUE	TRUE	TRUE
CL(79:5)-H | CL(79:5)-H | 1552.1215	CL(79:5)-H	CL(79:5)-H	CL	1552.1214545300002	9	9	1	1	0.9436501174973356	TRUE	TRUE	TRUE	TRUE
CL(79:6) | CL(79:6)-2H | 774.5493	CL(79:6)	CL(79:6)-2H	CL	774.549264	12	12	1	1	0.1680723423343391	TRUE	TRUE	TRUE	TRUE
CL(79:6) | CL(79:6)-H | 1550.1058	CL(79:6)	CL(79:6)-H	CL	1550.105805	10	10	1	1	0.0751740197148831	TRUE	TRUE	TRUE	TRUE
CL(79:7) | CL(79:7)-H | 1548.0902	CL(79:7)	CL(79:7)-H	CL	1548.090155	12	12	1	1	0.09403512784803035	TRUE	TRUE	TRUE	TRUE
CL(79:9)-H | CL(79:9)-H | 1544.0589	CL(79:9)-H	CL(79:9)-H	CL	1544.058855	9	9	1	1	0.024638597775385743	TRUE	TRUE	TRUE	TRUE
CL(80:10) | CL(80:10)+H | 1558.0734	CL(80:10)	CL(80:10)+H	CL	1558.073407	10	10	1	1	0.967504235222965	TRUE	TRUE	TRUE	TRUE
CL(80:10) | CL(80:10)-H | 1556.0589	CL(80:10)	CL(80:10)-H	CL	1556.058855	12	12	1	1	0.09062461061170456	TRUE	TRUE	TRUE	TRUE
CL(80:10)-H | CL(80:10)-H | 1556.0589	CL(80:10)-H	CL(80:10)-H	CL	1556.058855	9	9	1	1	0.1378109399521994	TRUE	TRUE	TRUE	TRUE
CL(80:15) | CL(80:15)-H | 1545.9806	CL(80:15)	CL(80:15)-H	CL	1545.980605	10	10	1	1	32.52837124712988	TRUE	TRUE	TRUE	TRUE
CL(80:5) | CL(80:5)-H | 1566.1371	CL(80:5)	CL(80:5)-H	CL	1566.137105	10	10	1	1	0.0290253158656351	TRUE	TRUE	TRUE	TRUE
CL(80:5)-2H | CL(80:5)-2H | 782.5649	CL(80:5)-2H	CL(80:5)-2H	CL	782.5649140299998	9	9	1	1	0.03401908974260335	TRUE	TRUE	TRUE	TRUE
CL(80:6) | CL(80:6)-2H | 781.5571	CL(80:6)	CL(80:6)-2H	CL	781.557089	24	24	1	1	0.011369095728462557	TRUE	TRUE	FALSE	FALSE
CL(80:6) | CL(80:6)-H | 1564.1215	CL(80:6)	CL(80:6)-H	CL	1564.121455	10	10	1	1	0.025471587562285455	TRUE	TRUE	TRUE	TRUE
CL(80:7) | CL(80:7)-H | 1562.1058	CL(80:7)	CL(80:7)-H	CL	1562.105805	22	22	1	1	0.19595435092905578	TRUE	TRUE	TRUE	TRUE
CL(80:7)-2H | CL(80:7)-2H | 780.5493	CL(80:7)-2H	CL(80:7)-2H	CL	780.5492640299999	9	9	1	1	1.1486754521048985	TRUE	TRUE	TRUE	TRUE
CL(80:8) | CL(80:8)-H | 1560.0902	CL(80:8)	CL(80:8)-H	CL	1560.090155	10	10	1	1	0.0711988184411142	TRUE	TRUE	TRUE	TRUE
CL(80:9) | CL(80:9)-H | 1558.0745	CL(80:9)	CL(80:9)-H	CL	1558.074505	10	10	1	1	0.02515768171005531	TRUE	TRUE	TRUE	TRUE
CL(80:9)-H | CL(80:9)-H | 1558.0745	CL(80:9)-H	CL(80:9)-H	CL	1558.074505	9	9	1	1	0.22986006588003474	TRUE	TRUE	TRUE	TRUE
CL(81:10) | CL(81:10)-H | 1570.0745	CL(81:10)	CL(81:10)-H	CL	1570.074505	10	10	1	1	0.6340887412807565	TRUE	TRUE	TRUE	TRUE
CL(81:10)-H | CL(81:10)-H | 1570.0745	CL(81:10)-H	CL(81:10)-H	CL	1570.074505	9	9	1	1	0.0758919635551117	TRUE	TRUE	TRUE	TRUE
CL(81:4)-H | CL(81:4)-H | 1582.1684	CL(81:4)-H	CL(81:4)-H	CL	1582.168405	9	9	1	1	0.02026659875947301	TRUE	TRUE	TRUE	TRUE
CL(81:5) | CL(81:5)-H | 1580.1528	CL(81:5)	CL(81:5)-H	CL	1580.152755	22	22	1	1	0.5179348678261344	TRUE	TRUE	TRUE	TRUE
CL(81:6) | CL(81:6)-H | 1578.1371	CL(81:6)	CL(81:6)-H	CL	1578.137105	10	10	1	1	0.1178974842902154	TRUE	TRUE	TRUE	TRUE
CL(81:6)-H | CL(81:6)-H | 1578.1371	CL(81:6)-H	CL(81:6)-H	CL	1578.137105	9	9	1	1	0.5004185093280381	TRUE	TRUE	TRUE	TRUE
CL(81:7) | CL(81:7)-H | 1576.1215	CL(81:7)	CL(81:7)-H	CL	1576.121455	10	10	1	1	0.14743406415290064	TRUE	TRUE	TRUE	TRUE
CL(81:7)-H | CL(81:7)-H | 1576.1215	CL(81:7)-H	CL(81:7)-H	CL	1576.1214545300002	9	9	1	1	0.02737308716120377	TRUE	TRUE	TRUE	TRUE
CL(81:8) | CL(81:8)-H | 1574.1058	CL(81:8)	CL(81:8)-H	CL	1574.105805	10	10	1	1	0.03413900820109938	TRUE	TRUE	TRUE	TRUE
CL(81:9) | CL(81:9)-H | 1572.0902	CL(81:9)	CL(81:9)-H	CL	1572.090155	24	24	1	1	0.42422812901068874	TRUE	TRUE	TRUE	TRUE
CL(82:1)-2H | CL(82:1)-2H | 800.6119	CL(82:1)-2H	CL(82:1)-2H	CL	800.6118640299999	9	9	1	1	0.12754623157484474	TRUE	TRUE	TRUE	TRUE
CL(82:10) | CL(82:10)+H | 1586.1047	CL(82:10)	CL(82:10)+H	CL	1586.104707	10	10	1	1	0.36205417211287433	TRUE	TRUE	TRUE	TRUE
CL(82:10)-2H | CL(82:10)-2H | 791.5414	CL(82:10)-2H	CL(82:10)-2H	CL	791.5414390299999	9	9	1	1	0.31130875434200034	TRUE	TRUE	TRUE	TRUE
CL(82:11) | CL(82:11)-H | 1582.0745	CL(82:11)	CL(82:11)-H	CL	1582.074505	10	10	1	1	0.06406163472510745	TRUE	TRUE	TRUE	TRUE
CL(82:11)-2H | CL(82:11)-2H | 790.5336	CL(82:11)-2H	CL(82:11)-2H	CL	790.5336140299999	9	9	1	1	2.6229796974339563	TRUE	TRUE	TRUE	TRUE
CL(82:12)-2H | CL(82:12)-2H | 789.5258	CL(82:12)-2H	CL(82:12)-2H	CL	789.5257890299998	9	9	1	1	0.0030926975380758358	TRUE	TRUE	FALSE	FALSE
CL(82:13)-2H | CL(82:13)-2H | 788.5180	CL(82:13)-2H	CL(82:13)-2H	CL	788.5179640299999	9	9	1	1	0.008319554633989014	TRUE	TRUE	FALSE	FALSE
CL(82:15)-2H | CL(82:15)-2H | 786.5023	CL(82:15)-2H	CL(82:15)-2H	CL	786.5023140299999	9	9	1	1	0.014884478583599198	TRUE	TRUE	TRUE	TRUE
CL(82:5)-2H | CL(82:5)-2H | 796.5806	CL(82:5)-2H	CL(82:5)-2H	CL	796.5805640299999	9	9	1	1	0.6338449779295101	TRUE	TRUE	TRUE	TRUE
CL(82:6)-2H | CL(82:6)-2H | 795.5727	CL(82:6)-2H	CL(82:6)-2H	CL	795.5727390299999	9	9	1	1	0.019980915242125034	TRUE	TRUE	TRUE	TRUE
CL(82:6)-H | CL(82:6)-H | 1592.1528	CL(82:6)-H	CL(82:6)-H	CL	1592.152755	9	9	1	1	0.013472933392509339	TRUE	TRUE	FALSE	FALSE
CL(82:7) | CL(82:7)-H | 1590.1371	CL(82:7)	CL(82:7)-H	CL	1590.137105	12	12	1	1	0.06975318280846715	TRUE	TRUE	TRUE	TRUE
CL(82:7)-2H | CL(82:7)-2H | 794.5649	CL(82:7)-2H	CL(82:7)-2H	CL	794.5649140299998	9	9	1	1	0.36762860009143755	TRUE	TRUE	TRUE	TRUE
CL(82:8) | CL(82:8)-2H | 793.5571	CL(82:8)	CL(82:8)-2H	CL	793.557089	12	12	1	1	0.2956269582626729	TRUE	TRUE	TRUE	TRUE
CL(82:8) | CL(82:8)-H | 1588.1215	CL(82:8)	CL(82:8)-H	CL	1588.121455	10	10	1	1	0.5061765799827946	TRUE	TRUE	TRUE	TRUE
CL(82:8)-2H | CL(82:8)-2H | 793.5571	CL(82:8)-2H	CL(82:8)-2H	CL	793.5570890299999	9	9	1	1	0.023412511676931865	TRUE	TRUE	TRUE	TRUE
CL(82:9) | CL(82:9)+H | 1588.1204	CL(82:9)	CL(82:9)+H	CL	1588.120357	12	12	1	1	0.37168023127820576	TRUE	TRUE	TRUE	TRUE
CL(82:9) | CL(82:9)-H | 1586.1058	CL(82:9)	CL(82:9)-H	CL	1586.105805	10	10	1	1	0.08546459385705225	TRUE	TRUE	TRUE	TRUE
CL(82:9)-H | CL(82:9)-H | 1586.1058	CL(82:9)-H	CL(82:9)-H	CL	1586.105805	9	9	1	1	0.07534285463067147	TRUE	TRUE	TRUE	TRUE
CL(83:10) | CL(83:10)-H | 1598.1058	CL(83:10)	CL(83:10)-H	CL	1598.105805	12	12	1	1	0.19838703005838293	TRUE	TRUE	TRUE	TRUE
CL(83:12) | CL(83:12)-2H | 796.5336	CL(83:12)	CL(83:12)-2H	CL	796.53361399999994	12	12	1	1	0.06503999100655172	TRUE	TRUE	TRUE	TRUE
CL(83:12) | CL(83:12)-H | 1594.0745	CL(83:12)	CL(83:12)-H	CL	1594.074505	10	10	1	1	0.30511748860461757	TRUE	TRUE	TRUE	TRUE
CL(83:13) | CL(83:13)-H | 1592.0589	CL(83:13)	CL(83:13)-H	CL	1592.058855	34	34	1	1	11.953640648727871	TRUE	TRUE	TRUE	TRUE
CL(83:15) | CL(83:15)-H | 1588.0276	CL(83:15)	CL(83:15)-H	CL	1588.027555	10	10	1	1	0.36203494178280404	TRUE	TRUE	TRUE	TRUE
CL(83:8)-H | CL(83:8)-H | 1602.1371	CL(83:8)-H	CL(83:8)-H	CL	1602.137105	9	9	1	1	0.07029651438969856	TRUE	TRUE	TRUE	TRUE
CL(83:9)-H | CL(83:9)-H | 1600.1215	CL(83:9)-H	CL(83:9)-H	CL	1600.1214545300002	9	9	1	1	0.043383235582222096	TRUE	TRUE	TRUE	TRUE
CL(84:10) | CL(84:10)+H | 1614.1360	CL(84:10)	CL(84:10)+H	CL	1614.136007	12	12	1	1	0.047598550031890535	TRUE	TRUE	TRUE	TRUE
CL(84:10) | CL(84:10)-H | 1612.1215	CL(84:10)	CL(84:10)-H	CL	1612.121455	22	22	1	1	0.061536677034629804	TRUE	TRUE	TRUE	TRUE
CL(84:11) | CL(84:11)-H | 1610.1058	CL(84:11)	CL(84:11)-H	CL	1610.105805	10	10	1	1	0.03338863648395633	TRUE	TRUE	TRUE	TRUE
CL(84:14) | CL(84:14)-H | 1604.0589	CL(84:14)	CL(84:14)-H	CL	1604.058855	10	10	1	1	0.820377806798488	TRUE	TRUE	TRUE	TRUE
CL(84:5) | CL(84:5)-H | 1622.1997	CL(84:5)	CL(84:5)-H	CL	1622.199705	10	10	1	1	0.036163498259168286	TRUE	TRUE	TRUE	TRUE
CL(84:9) | CL(84:9)-H | 1614.1371	CL(84:9)	CL(84:9)-H	CL	1614.137105	10	10	1	1	0.02490518210986375	TRUE	TRUE	TRUE	TRUE
CL(85:10) | CL(85:10)-H | 1626.1371	CL(85:10)	CL(85:10)-H	CL	1626.137105	10	10	1	1	0.09386275578051456	TRUE	TRUE	TRUE	TRUE
CL(85:13) | CL(85:13)-2H | 809.5414	CL(85:13)	CL(85:13)-2H	CL	809.541439	24	24	1	1	0.1676869034494584	TRUE	TRUE	TRUE	TRUE
CL(85:14) | CL(85:14)-H | 1618.0745	CL(85:14)	CL(85:14)-H	CL	1618.074505	10	10	1	1	0.1550523687376496	TRUE	TRUE	TRUE	TRUE
CL(85:7) | CL(85:7)-H | 1632.1841	CL(85:7)	CL(85:7)-H	CL	1632.184055	12	12	1	1	0.8950333355093402	TRUE	TRUE	TRUE	TRUE
CL(86:1)-2H | CL(86:1)-2H | 828.6432	CL(86:1)-2H	CL(86:1)-2H	CL	828.6431640299999	9	9	1	1	0.5791055387784944	TRUE	TRUE	TRUE	TRUE
CL(86:11)-2H | CL(86:11)-2H | 818.5649	CL(86:11)-2H	CL(86:11)-2H	CL	818.5649140299998	9	9	1	1	0.02862986161296486	TRUE	TRUE	TRUE	TRUE
CL(86:14)-2H | CL(86:14)-2H | 815.5414	CL(86:14)-2H	CL(86:14)-2H	CL	815.5414390299999	9	9	1	1	0.478080252934321	TRUE	TRUE	TRUE	TRUE
CL(86:17) | CL(86:17)-H | 1626.0432	CL(86:17)	CL(86:17)-H	CL	1626.043205	10	10	1	1	0.9784144679022587	TRUE	TRUE	TRUE	TRUE
CL(86:18) | CL(86:18)-H | 1624.0276	CL(86:18)	CL(86:18)-H	CL	1624.027555	10	10	1	1	0.4471501308903666	TRUE	TRUE	TRUE	TRUE
CL(86:19) | CL(86:19)-2H | 810.5023	CL(86:19)	CL(86:19)-2H	CL	810.502314	12	12	1	1	1.6064107889502288	TRUE	TRUE	TRUE	TRUE
CL(86:5)-2H | CL(86:5)-2H | 824.6119	CL(86:5)-2H	CL(86:5)-2H	CL	824.6118640299999	9	9	1	1	3.5906006199521245	TRUE	TRUE	TRUE	TRUE
CL(86:6) | CL(86:6)-2H | 823.6040	CL(86:6)	CL(86:6)-2H	CL	823.604039	12	12	1	1	0.10330818260067169	TRUE	TRUE	TRUE	TRUE
CL(86:7)-2H | CL(86:7)-2H | 822.5962	CL(86:7)-2H	CL(86:7)-2H	CL	822.5962140299998	9	9	1	1	0.053800386908752745	TRUE	TRUE	TRUE	TRUE
CL(86:9)-2H | CL(86:9)-2H | 820.5806	CL(86:9)-2H	CL(86:9)-2H	CL	820.5805640299999	9	9	1	1	2.0282691156062573	TRUE	TRUE	TRUE	TRUE
CL(87:13) | CL(87:13)-H | 1648.1215	CL(87:13)	CL(87:13)-H	CL	1648.121455	10	10	1	1	0.13276826364853278	TRUE	TRUE	TRUE	TRUE
CL(87:13)-2H | CL(87:13)-2H | 823.5571	CL(87:13)-2H	CL(87:13)-2H	CL	823.5570890299999	9	9	1	1	0.011557962972719243	TRUE	TRUE	FALSE	FALSE
CL(87:17) | CL(87:17)-H | 1640.0589	CL(87:17)	CL(87:17)-H	CL	1640.058855	10	10	1	1	1.2866545537465774	TRUE	TRUE	TRUE	TRUE
CL(88:18) | CL(88:18)-H | 1652.0589	CL(88:18)	CL(88:18)-H	CL	1652.058855	10	10	1	1	0.24854112406287696	TRUE	TRUE	TRUE	TRUE
CL(88:19) | CL(88:19)-H | 1650.0432	CL(88:19)	CL(88:19)-H	CL	1650.043205	10	10	1	1	0.2783894369149531	TRUE	TRUE	TRUE	TRUE
CL(89:13) | CL(89:13)-H | 1676.1528	CL(89:13)	CL(89:13)-H	CL	1676.152755	10	10	1	1	0.03904475648682727	TRUE	TRUE	TRUE	TRUE
CL(89:16) | CL(89:16)-H | 1670.1058	CL(89:16)	CL(89:16)-H	CL	1670.105805	10	10	1	1	0.11268429278174986	TRUE	TRUE	TRUE	TRUE
CL(90:19)-2H | CL(90:19)-2H | 838.5336	CL(90:19)-2H	CL(90:19)-2H	CL	838.5336140299999	9	9	1	1	0.15127686812519017	TRUE	TRUE	TRUE	TRUE
MLCL(22:6_18:1_24:1) | MLCL(22:6_18:1_24:1)-H | 1321.8605	MLCL(22:6_18:1_24:1)	MLCL(22:6_18:1_24:1)-H	MLCL	1321.86049	10	10	1	1	0.34428338831644945	TRUE	TRUE	TRUE	TRUE
MLCL(46:2) | MLCL(46:2)-2H | 540.3327	MLCL(46:2)	MLCL(46:2)-2H	MLCL	540.3327065	24	24	1	1	0.02613600102872953	TRUE	TRUE	TRUE	TRUE
MLCL(48:2) | MLCL(48:2)-2H | 554.3484	MLCL(48:2)	MLCL(48:2)-2H	MLCL	554.3483565	24	24	1	1	0.9617051316849345	TRUE	TRUE	TRUE	TRUE
MLCL(48:8) | MLCL(48:8)-2H | 548.3014	MLCL(48:8)	MLCL(48:8)-2H	MLCL	548.3014065	24	24	1	1	0.17055683664863514	TRUE	TRUE	TRUE	TRUE
MLCL(49:5) | MLCL(49:5)-2H | 558.3327	MLCL(49:5)	MLCL(49:5)-2H	MLCL	558.3327065	24	24	1	1	1.0982190429065986	TRUE	TRUE	TRUE	TRUE
MLCL(50:2) | MLCL(50:2)-2H | 568.3640	MLCL(50:2)	MLCL(50:2)-2H	MLCL	568.3640065	24	24	1	1	0.06313699933923406	TRUE	TRUE	TRUE	TRUE
MLCL(50:4) | MLCL(50:4)-2H | 566.3484	MLCL(50:4)	MLCL(50:4)-2H	MLCL	566.3483565	24	24	1	1	0.015230564489786042	TRUE	TRUE	TRUE	TRUE
MLCL(52:2) | MLCL(52:2)-2H | 582.3797	MLCL(52:2)	MLCL(52:2)-2H	MLCL	582.3796565	12	12	1	1	0.05715991258268178	TRUE	TRUE	TRUE	TRUE
MLCL(54:2) | MLCL(54:2)-2H | 596.3953	MLCL(54:2)	MLCL(54:2)-2H	MLCL	596.3953065	24	24	1	1	0.05955452982779846	TRUE	TRUE	TRUE	TRUE
MLCL(54:4) | MLCL(54:4)-2H | 594.3797	MLCL(54:4)	MLCL(54:4)-2H	MLCL	594.3796565	12	12	1	1	0.010529756341307277	TRUE	TRUE	FALSE	FALSE
MLCL(54:6) | MLCL(54:6)-H | 1185.7353	MLCL(54:6)	MLCL(54:6)-H	MLCL	1185.73529	22	22	1	1	0.7875936675772701	TRUE	TRUE	TRUE	TRUE
MLCL(56:6) | MLCL(56:6)-2H | 606.3797	MLCL(56:6)	MLCL(56:6)-2H	MLCL	606.3796565	12	12	1	1	2.383087938068699	TRUE	TRUE	TRUE	TRUE
MLCL(58:12) | MLCL(58:12)-2H | 614.3484	MLCL(58:12)	MLCL(58:12)-2H	MLCL	614.3483565	24	24	1	1	0.18630569867473312	TRUE	TRUE	TRUE	TRUE
MLCL(58:14) | MLCL(58:14)-2H | 612.3327	MLCL(58:14)	MLCL(58:14)-2H	MLCL	612.3327065	12	12	1	1	0.812562494784709	TRUE	TRUE	TRUE	TRUE
MLCL(60:6) | MLCL(60:6)-H | 1269.8292	MLCL(60:6)	MLCL(60:6)-H	MLCL	1269.82919	10	10	1	1	0.747599528755615	TRUE	TRUE	TRUE	TRUE
MLCL(69:4) | MLCL(69:4)-2H | 699.4970	MLCL(69:4)	MLCL(69:4)-2H	MLCL	699.4970315	12	12	1	1	0.8587039351760453	TRUE	TRUE	TRUE	TRUE
