Class	global_sample_id	group	sum_intensity	mean_intensity	log2_mean_intensity
AEA	batch1_HO_5	HO	343968833.7972024	171984416.8986012	27.357702610761258
AEA	batch1_HO_6	HO	461359908.5574825	230679954.27874124	27.781317400661372
AEA	batch1_HO_7	HO	391661355.2670065	195830677.63350326	27.545031545505836
AEA	batch1_HO_8	HO	378047241.74014235	189023620.87007117	27.493991287634174
AEA	batch1_QC_1	NA	365161337.4	182580668.7	27.443958782652047
AEA	batch1_WT_1	WT	613388299.5648011	306694149.78240055	28.192225406432836
AEA	batch1_WT_2	WT	115098219.87936005	57549109.939680025	25.77829027987507
AEA	batch1_WT_3	WT	327878248.2253934	163939124.1126967	27.288584954156317
AEA	batch1_WT_4	WT	206287568.2159201	103143784.10796005	26.620081639879007
AcCa	batch1_HO_5	HO	476611598.3420161	59576449.79275201	25.82823881903439
AcCa	batch1_HO_6	HO	488100631.8731666	61012578.98414583	25.862603378479964
AcCa	batch1_HO_7	HO	489392345.1519843	61174043.143998034	25.866416294726196
AcCa	batch1_HO_8	HO	441944279.2610244	55243034.90762805	25.719289243871106
AcCa	batch1_QC_1	NA	393440331.868	49180041.4835	25.5515696160633
AcCa	batch1_WT_1	WT	271638450.6226495	33954806.32783119	25.017112467681372
AcCa	batch1_WT_2	WT	371282919.6220834	46410364.95276042	25.467943706547672
AcCa	batch1_WT_3	WT	483588808.99215424	60448601.12401928	25.849205617833327
AcCa	batch1_WT_4	WT	481066688.5960163	60133336.07450204	25.84166166273609
AcCa	batch2_HO_10	HO	1375177555.8415854	114598129.65346543	26.772008257280206
AcCa	batch2_HO_11	HO	1598747537.239369	133228961.4366141	26.989332490001246
AcCa	batch2_HO_12	HO	1287344670.1990862	107278722.51659052	26.67678872183096
AcCa	batch2_HO_9	HO	1254995920.732553	104582993.3943794	26.640073028079826
AcCa	batch2_QC_0	NA	1161795330.7727716	96816277.56439762	26.528746290091554
AcCa	batch2_QC_1	NA	1229681533.4749038	102473461.12290868	26.610675083816485
AcCa	batch2_QC_2	NA	1183608062.2223728	98634005.18519774	26.555581781953038
AcCa	batch2_QC_3	NA	1179047855.1117408	98253987.92597842	26.550012628776408
AcCa	batch2_WT_1	WT	828733614.3640774	69061134.53033978	26.04137069906678
AcCa	batch2_WT_2	WT	1037147359.6184373	86428946.63486977	26.365011242485796
AcCa	batch2_WT_3	WT	1174907529.1345286	97908960.76121072	26.544937567494713
AcCa	batch2_WT_5	WT	1068071582.6074079	89005965.217284	26.407398693560236
AcCa	batch3_HO_5	HO	445013497.2970142	74168916.21616903	26.144311352183006
AcCa	batch3_HO_6	HO	236952224.09440687	39492037.34906781	25.235058460917873
AcCa	batch3_HO_7	HO	358929169.6009334	59821528.266822234	25.834161431820313
AcCa	batch3_HO_8	HO	371074958.61221623	61845826.43536937	25.882172904778514
AcCa	batch3_QC_0	NA	354992361.32818377	59165393.5546973	25.818250239635894
AcCa	batch3_QC_1	NA	368866264.3531699	61477710.72552831	25.87356010792568
AcCa	batch3_QC_2	NA	360107748.74394715	60017958.12399119	25.838890901933148
AcCa	batch3_QC_3	NA	364249607.44993573	60708267.90832263	25.85538967588283
AcCa	batch3_WT_1	WT	360288160.6436897	60048026.77394828	25.83961350281171
AcCa	batch3_WT_2	WT	439296451.6223972	73216075.27039951	26.125657104615982
AcCa	batch3_WT_3	WT	343618033.5985356	57269672.266422614	25.771268011677368
AcCa	batch3_WT_4	WT	236955164.3114302	39492527.385238364	25.235076362459917
CL	batch1_HO_5	HO	4768063646.086637	55442600.53589112	25.724491592903206
CL	batch1_HO_6	HO	4727184171.160023	54967257.8041863	25.712069172494246
CL	batch1_HO_7	HO	5320476082.773533	61866000.96248295	25.88264344492151
CL	batch1_HO_8	HO	4487852528.834226	52184331.73063053	25.637113368944114
CL	batch1_QC_1	NA	5873203379.2468	68293062.5493814	26.025235696109903
CL	batch1_WT_1	WT	4850227787.211569	56397997.52571591	25.749140603236224
CL	batch1_WT_2	WT	6734258625.271165	78305332.85199028	26.22260722737451
CL	batch1_WT_3	WT	6340470854.141247	73726405.28071217	26.135678080612742
CL	batch1_WT_4	WT	5957881425.549627	69277690.9947631	26.045887510472532
CL	batch2_HO_10	HO	429385927.3538889	9985719.240788113	23.251434913643354
CL	batch2_HO_11	HO	483285073.7576785	11239187.761806477	23.422034442265584
CL	batch2_HO_12	HO	553818538.8875136	12879500.904360786	23.61857335263664
CL	batch2_HO_9	HO	448792988.52540195	10437046.24477679	23.315210141353788
CL	batch2_QC_0	NA	491675553.54278946	11434315.198669523	23.446866629518105
CL	batch2_QC_1	NA	473084740.1392664	11001970.700913172	23.391258630305767
CL	batch2_QC_2	NA	465738880.23029554	10831136.749541758	23.368681328844325
CL	batch2_QC_3	NA	448938197.33846575	10440423.193917809	23.31567685575477
CL	batch2_WT_1	WT	450824359.53612924	10484287.431072772	23.32172547561359
CL	batch2_WT_2	WT	458332148.0930891	10658887.16495556	23.345553486416946
CL	batch2_WT_3	WT	459738946.46966803	10691603.406271346	23.349974892650028
CL	batch2_WT_5	WT	522722152.0062132	12156329.116423562	23.5352043037604
CL	batch3_HO_5	HO	2031177771.598596	30316086.143262636	24.853580175432448
CL	batch3_HO_6	HO	2361700760.5212827	35249265.08240719	25.071089843055795
CL	batch3_HO_7	HO	2366907441.8330812	35326976.74377733	25.074266953961306
CL	batch3_HO_8	HO	2064938825.7126966	30819982.47332383	24.877362705634173
CL	batch3_QC_0	NA	2142854758.2762566	31982906.839944124	24.930797731641146
CL	batch3_QC_1	NA	2214721547.4384775	33055545.48415638	24.9783889865154
CL	batch3_QC_2	NA	2179920473.9368944	32536126.476670064	24.955539168278616
CL	batch3_QC_3	NA	2224024954.0749326	33194402.299625866	24.984436639053165
CL	batch3_WT_1	WT	2403790459.7397265	35877469.54835412	25.096574804224066
CL	batch3_WT_2	WT	2227462241.3017545	33245705.094056044	24.986664639720885
CL	batch3_WT_3	WT	2112899801.4548316	31535817.932161666	24.910488016522283
CL	batch3_WT_4	WT	1914384439.9403315	28572902.088661663	24.768144239382952
CL	batch4_HO_10	HO	1409089648.1845353	11841089.480542317	23.497298491450852
CL	batch4_HO_6	HO	913755642.5293665	7678618.844784594	22.872415405664974
CL	batch4_HO_7	HO	1099113759.7363203	9236250.081817817	23.138875805549603
CL	batch4_QC_1	NA	1300773871.210453	10930872.867314734	23.3819052739192
CL	batch4_QC_2	NA	1017894174.6831754	8553732.560362816	23.028122670170813
CL	batch4_QC_3	NA	1114548839.2335553	9365956.63221476	23.15899492717408
CL	batch4_WT_1	WT	1252657516.5356953	10526533.752400804	23.327527118479406
CL	batch4_WT_3	WT	1746461189.9363213	14676144.45324639	23.80696967403042
CL	batch4_WT_4	WT	1053367316.3777136	8851826.188048013	23.07754369239016
CL	batch4_WT_5	WT	1000407174.7825103	8406782.98136563	23.0031224001573
Cer	batch1_HO_5	HO	5254983951.812326	114238781.5611375	26.767477256279204
Cer	batch1_HO_6	HO	5050669380.605008	109797160.44793496	26.710265503235693
Cer	batch1_HO_7	HO	5329033819.454521	115848561.29248957	26.787664886779602
Cer	batch1_HO_8	HO	4983156127.0536175	108329481.02290472	26.690850673676056
Cer	batch1_QC_1	NA	5173193263.03	112460723.10934782	26.744845987481128
Cer	batch1_WT_1	WT	4380608837.606272	95230626.90448417	26.504922294228923
Cer	batch1_WT_2	WT	4713680968.501492	102471325.40220633	26.610645015291997
Cer	batch1_WT_3	WT	4715671921.972302	102514606.99939786	26.611254248772816
Cer	batch1_WT_4	WT	4965284221.43729	107940961.33559328	26.68566720040034
Cer	batch2_HO_10	HO	7841765172.707276	142577548.59467775	27.087171580423334
Cer	batch2_HO_11	HO	4586219306.348157	83385805.56996652	26.31329848461192
Cer	batch2_HO_12	HO	7302737177.323207	132777039.58769464	26.98443044993392
Cer	batch2_HO_9	HO	3751756349.830819	68213751.8151058	26.023559278468248
Cer	batch2_QC_0	NA	3817571257.313978	69410386.4966178	26.04864822652476
Cer	batch2_QC_1	NA	4147636716.5085735	75411576.66379221	26.16828267727341
Cer	batch2_QC_2	NA	4272724375.8619804	77685897.74294509	26.21114939536918
Cer	batch2_QC_3	NA	4272437710.758743	77680685.65015896	26.211052599002112
Cer	batch2_WT_1	WT	4447087352.212199	80856133.67658545	26.268853883663663
Cer	batch2_WT_2	WT	4753308301.600693	86423787.3018308	26.36492511895136
Cer	batch2_WT_3	WT	3376613592.535031	61392974.40972784	25.871570232442615
Cer	batch2_WT_5	WT	3760351518.0967264	68370027.60175866	26.026860671968457
Cer	batch3_HO_5	HO	8281398311.975299	83650487.99975048	26.317870620886016
Cer	batch3_HO_6	HO	8309231864.720625	83931634.99717803	26.322711349147895
Cer	batch3_HO_7	HO	8672925076.309488	87605303.80110595	26.384514880338482
Cer	batch3_HO_8	HO	8494024895.467435	85798231.26734783	26.354444571049104
Cer	batch3_QC_0	NA	8185113618.798967	82677915.34140372	26.300998677012956
Cer	batch3_QC_1	NA	8312341711.517886	83963047.59108981	26.323251197025005
Cer	batch3_QC_2	NA	8387058566.296798	84717763.29592726	26.3361611642539
Cer	batch3_QC_3	NA	8209012350.69087	82919316.67364515	26.305204891662193
Cer	batch3_WT_1	WT	8613858091.027893	87008667.58614035	26.374655790008298
Cer	batch3_WT_2	WT	8048112870.329375	81294069.3972664	26.276646772191583
Cer	batch3_WT_3	WT	8045366653.770201	81266329.83606263	26.276154404702794
Cer	batch3_WT_4	WT	8432068596.017859	85172410.06078644	26.343882837448714
CerG2Gc1	batch1_HO_5	HO	14778529.339743188	14778529.339743188	23.816999373491015
CerG2Gc1	batch1_HO_6	HO	13414340.78511806	13414340.78511806	23.6772728228422
CerG2Gc1	batch1_HO_7	HO	18210783.685378123	18210783.685378123	24.11828967299977
CerG2Gc1	batch1_HO_8	HO	20935192.15539005	20935192.15539005	24.319426824246165
CerG2Gc1	batch1_QC_1	NA	26066033.57	26066033.57	24.63566773100337
CerG2Gc1	batch1_WT_1	WT	17587035.186740946	17587035.186740946	24.068008958738375
CerG2Gc1	batch1_WT_2	WT	12344113.58111402	12344113.58111402	23.55731990587293
CerG2Gc1	batch1_WT_3	WT	14463536.84816729	14463536.84816729	23.785917049790978
CerG2Gc1	batch1_WT_4	WT	19151638.27720763	19151638.27720763	24.19096447324482
CerP	batch2_HO_10	HO	4364171.342323656	2182085.671161828	21.05727631394419
CerP	batch2_HO_11	HO	3886485.4634307316	1943242.7317153658	20.89003468948133
CerP	batch2_HO_12	HO	2707038.8773859367	1353519.4386929683	20.36828417642342
CerP	batch2_HO_9	HO	3346379.0180215994	1673189.5090107997	20.67416942667163
CerP	batch2_QC_0	NA	2695308.424287025	1347654.2121435124	20.362018939419865
CerP	batch2_QC_1	NA	2478030.1261614305	1239015.0630807152	20.240762296190255
CerP	batch2_QC_2	NA	3239823.026038358	1619911.513019179	20.62748357798124
CerP	batch2_QC_3	NA	1601221.692273607	800610.8461368035	19.610741634957705
CerP	batch2_WT_1	WT	1782259.0097683761	891129.5048841881	19.765275583489107
CerP	batch2_WT_2	WT	1373983.8925954262	686991.9462977131	19.389933660666486
CerP	batch2_WT_3	WT	1721895.427120781	860947.7135603905	19.71556609803312
CerP	batch2_WT_5	WT	1513705.9332846594	756852.9666423297	19.529653530397084
CerP	batch3_HO_5	HO	1163433979.861475	1163433979.861475	30.11574219998622
CerP	batch3_HO_6	HO	1100887384.52609	1100887384.52609	30.036019749686552
CerP	batch3_HO_7	HO	517826312.12710726	517826312.12710726	28.94789303335748
CerP	batch3_HO_8	HO	385132287.0910392	385132287.0910392	28.520778833866018
CerP	batch3_QC_0	NA	711984679.6215968	711984679.6215968	29.40727095693138
CerP	batch3_QC_1	NA	705082405.9316633	705082405.9316633	29.39321664027174
CerP	batch3_QC_2	NA	712015321.0377405	712015321.0377405	29.40733304431776
CerP	batch3_QC_3	NA	758815071.2576216	758815071.2576216	29.49917309231943
CerP	batch3_WT_1	WT	1023003177.7537788	1023003177.7537788	29.930163480518672
CerP	batch3_WT_2	WT	49884249.22797959	49884249.22797959	25.572081025911423
CerP	batch3_WT_3	WT	908222256.0482302	908222256.0482302	29.75847014963454
CerP	batch3_WT_4	WT	263824414.1983911	263824414.1983911	27.975002836247764
CerPE	batch3_HO_5	HO	725207180.7803193	725207180.7803193	29.433817969377976
CerPE	batch3_HO_6	HO	176190585.823712	176190585.823712	27.39256159965526
CerPE	batch3_HO_7	HO	135599508.79954126	135599508.79954126	27.01477671151307
CerPE	batch3_HO_8	HO	337953581.9223869	337953581.9223869	28.332249864395852
CerPE	batch3_QC_0	NA	369992038.5674029	369992038.5674029	28.4629189864813
CerPE	batch3_QC_1	NA	380584253.2017501	380584253.2017501	28.50364062996539
CerPE	batch3_QC_2	NA	368007918.73860747	368007918.73860747	28.45516156940838
CerPE	batch3_QC_3	NA	375732886.37332594	375732886.37332594	28.485132153841736
CerPE	batch3_WT_1	WT	403658497.7002543	403658497.7002543	28.58856002231077
CerPE	batch3_WT_2	WT	247845954.0590144	247845954.0590144	27.88486846694229
CerPE	batch3_WT_3	WT	443837120.60275507	443837120.60275507	28.72545509240658
CerPE	batch3_WT_4	WT	343986447.7432869	343986447.7432869	28.357776486355654
ChE	batch1_HO_5	HO	19294226.579814613	9647113.289907306	23.201665877988255
ChE	batch1_HO_6	HO	31809565.479806215	15904782.739903107	23.922957328940033
ChE	batch1_HO_7	HO	23246037.21473793	11623018.607368965	23.47048146310251
ChE	batch1_HO_8	HO	17559538.185448654	8779769.092724327	23.065751566811382
ChE	batch1_QC_1	NA	21970413.38	10985206.69	23.38905867897356
ChE	batch1_WT_1	WT	23837927.763235603	11918963.881617801	23.50675549163743
ChE	batch1_WT_2	WT	14753103.83319664	7376551.91659832	22.814515172156543
ChE	batch1_WT_3	WT	17525419.50652147	8762709.753260735	23.062945642697784
ChE	batch1_WT_4	WT	23922145.08383698	11961072.54191849	23.51184342511305
ChE	batch2_HO_10	HO	476716454.8315816	52968494.98128683	25.658631181457764
ChE	batch2_HO_11	HO	580289911.0667108	64476656.785190105	25.942273604037876
ChE	batch2_HO_12	HO	400065418.3031344	44451713.144792706	25.405735685018474
ChE	batch2_HO_9	HO	562790334.6710546	62532259.40789494	25.89809730968188
ChE	batch2_QC_0	NA	437131172.0315601	48570130.22572891	25.53356601871735
ChE	batch2_QC_1	NA	461138021.1140649	51237557.901562765	25.61069837940585
ChE	batch2_QC_2	NA	437633363.36451685	48625929.2627241	25.535222485105532
ChE	batch2_QC_3	NA	438073510.9251035	48674834.547233716	25.536672739237442
ChE	batch2_WT_1	WT	463110337.8001993	51456704.200022146	25.61685571967904
ChE	batch2_WT_2	WT	537210335.2964723	59690037.255163595	25.830986818448647
ChE	batch2_WT_3	WT	339720505.1889072	37746722.79876746	25.16984805812731
ChE	batch2_WT_5	WT	424748557.91198206	47194284.21244246	25.492108806898333
ChE	batch3_HO_5	HO	562520329.263023	62502258.80700257	25.897404993358684
ChE	batch3_HO_6	HO	529470888.51278085	58830098.72364232	25.81005112147229
ChE	batch3_HO_7	HO	467250015.183095	51916668.35367723	25.629694468506823
ChE	batch3_HO_8	HO	542521817.5435659	60280201.94928509	25.845180914437677
ChE	batch3_QC_0	NA	433254342.99072653	48139371.443414055	25.52071396885344
ChE	batch3_QC_1	NA	432751634.07555354	48083514.89728372	25.519039024893235
ChE	batch3_QC_2	NA	576681539.4029431	64075726.600327015	25.933274597568364
ChE	batch3_QC_3	NA	617886010.7395995	68654001.19328882	26.032840468101774
ChE	batch3_WT_1	WT	320915709.42270464	35657301.04696718	25.08769417161883
ChE	batch3_WT_2	WT	471503413.1115649	52389268.12350721	25.64276797195318
ChE	batch3_WT_3	WT	604114556.5365535	67123839.61517261	26.000321907333355
ChE	batch3_WT_4	WT	456690476.3015654	50743386.2557295	25.59671646211831
Co	batch1_HO_5	HO	555542451.5175092	185180817.17250308	27.46435941707356
Co	batch1_HO_6	HO	375015997.7892545	125005332.59641816	26.89741439915676
Co	batch1_HO_7	HO	396221653.7553446	132073884.58511487	26.97676998492469
Co	batch1_HO_8	HO	565350684.929323	188450228.30977434	27.489608301945058
Co	batch1_QC_1	NA	512966463.66	170988821.22	27.34932676784958
Co	batch1_WT_1	WT	718278008.3023529	239426002.76745096	27.83500460322024
Co	batch1_WT_2	WT	418388446.13402176	139462815.37800723	27.055305270251083
Co	batch1_WT_3	WT	712887581.3190496	237629193.7730165	27.82413684744414
Co	batch1_WT_4	WT	680946602.3568408	226982200.78561363	27.758003929544053
Co	batch2_HO_10	HO	1019823113.5204481	254955778.38011202	27.925671795029142
Co	batch2_HO_11	HO	274630307.5374756	68657576.8843689	26.03291560571016
Co	batch2_HO_12	HO	516018311.55372137	129004577.88843034	26.94284702148969
Co	batch2_HO_9	HO	198690599.02216706	49672649.75554176	25.565948372678196
Co	batch2_QC_0	NA	201447041.27597654	50361760.318994135	25.585825375368152
Co	batch2_QC_1	NA	230314669.3530007	57578667.338250175	25.77903106223505
Co	batch2_QC_2	NA	253352427.24980307	63338106.81245077	25.916570409804567
Co	batch2_QC_3	NA	238181019.96064547	59545254.99016137	25.82748321218491
Co	batch2_WT_1	WT	153032924.27750713	38258231.06937678	25.189266834120495
Co	batch2_WT_2	WT	258356446.75456396	64589111.688641	25.944787642802854
Co	batch2_WT_3	WT	283475655.402877	70868913.85071924	26.078649602422995
Co	batch2_WT_5	WT	323100871.65955746	80775217.91488935	26.26740940180131
Co	batch3_HO_5	HO	625041859.7618434	156260464.94046086	27.219377571031323
Co	batch3_HO_6	HO	557690276.0801892	139422569.0200473	27.05488887538284
Co	batch3_HO_7	HO	625466413.5417066	156366603.38542664	27.220357175356074
Co	batch3_HO_8	HO	730553977.8222601	182638494.45556504	27.44441563125093
Co	batch3_QC_0	NA	575002147.8699493	143750536.96748734	27.098992104226422
Co	batch3_QC_1	NA	572845206.9439145	143211301.73597863	27.093570108649875
Co	batch3_QC_2	NA	615506031.4884783	153876507.87211958	27.19719775318619
Co	batch3_QC_3	NA	618447839.5248513	154611959.88121283	27.204076681168562
Co	batch3_WT_1	WT	431534594.7977017	107883648.69942543	26.684900979551756
Co	batch3_WT_2	WT	595273665.3259844	148818416.3314961	27.14897783061261
Co	batch3_WT_3	WT	527854922.19429684	131963730.5485742	26.97556622695717
Co	batch3_WT_4	WT	730793627.3295434	182698406.83238584	27.44488881252223
DG	batch1_HO_5	HO	2290504157.202011	95437673.21675047	26.508055534575213
DG	batch1_HO_6	HO	4776083646.322458	199003485.2634358	27.56821845684393
DG	batch1_HO_7	HO	3698842724.030965	154118446.83462352	27.19946431117918
DG	batch1_HO_8	HO	3851146695.817835	160464445.65907645	27.25767843181369
DG	batch1_QC_1	NA	3253560620.48	135565025.85333332	27.014409787602304
DG	batch1_WT_1	WT	3759282290.4422436	156636762.10176015	27.222847606962052
DG	batch1_WT_2	WT	3916479848.901392	163186660.37089133	27.28194788869184
DG	batch1_WT_3	WT	4087753043.786925	170323043.49112183	27.343698393653693
DG	batch1_WT_4	WT	3634452531.234531	151435522.13477212	27.17412841618377
DG	batch2_HO_10	HO	18715852867.085995	346589867.909	28.36865423895446
DG	batch2_HO_11	HO	31561064090.901794	584464149.831515	29.122539293784836
DG	batch2_HO_12	HO	17760719288.426968	328902209.04494387	28.293083457048695
DG	batch2_HO_9	HO	21425620522.090786	396770750.4090885	28.563730434533554
DG	batch2_QC_0	NA	19069802536.13917	353144491.40998465	28.395683351629433
DG	batch2_QC_1	NA	18850611363.932648	349085395.6283824	28.379004760517677
DG	batch2_QC_2	NA	19264881885.326637	356757071.9504934	28.410366787445444
DG	batch2_QC_3	NA	19125782434.43416	354181156.19322515	28.399912216276903
DG	batch2_WT_1	WT	19944436272.76246	369341412.4585641	28.460379793099204
DG	batch2_WT_2	WT	11433252414.78214	211726896.57003966	27.657629311786017
DG	batch2_WT_3	WT	12017882792.586714	222553385.04790208	27.729576203518302
DG	batch2_WT_5	WT	14690746001.475142	272050851.8791692	28.019301105048328
DG	batch3_HO_5	HO	10537673246.764828	224205813.76095378	27.740248447480205
DG	batch3_HO_6	HO	9388596126.011261	199757364.38321832	27.573673450554036
DG	batch3_HO_7	HO	10429919965.322285	221913190.75153795	27.725420184480743
DG	batch3_HO_8	HO	10168767462.53564	216356754.52203494	27.688836920595154
DG	batch3_QC_0	NA	9968803240.728083	212102196.61123577	27.660184321144776
DG	batch3_QC_1	NA	9603071753.74485	204320675.61159256	27.60625995970971
DG	batch3_QC_2	NA	9730473421.445997	207031349.392468	27.625274001164648
DG	batch3_QC_3	NA	9709922130.849112	206594087.8904066	27.622223728242666
DG	batch3_WT_1	WT	8839074911.8452	188065423.65628085	27.486659388901487
DG	batch3_WT_2	WT	10261478006.135891	218329319.279487	27.701930640865335
DG	batch3_WT_3	WT	9755147954.895899	207556339.46587023	27.628927756452608
DG	batch3_WT_4	WT	9141315942.55801	194496083.88421303	27.535165866404444
DLCL	batch2_HO_10	HO	530622073.5662781	37901576.683305584	25.175754529121736
DLCL	batch2_HO_11	HO	600577675.5088711	42898405.39349079	25.354420685510753
DLCL	batch2_HO_12	HO	547680617.9622201	39120044.140158586	25.2214046623328
DLCL	batch2_HO_9	HO	642815773.4565103	45915412.38975074	25.452475167436234
DLCL	batch2_QC_0	NA	597706218.1655941	42693301.297542445	25.34750638878929
DLCL	batch2_QC_1	NA	584000818.0177108	41714344.1441222	25.314040226950162
DLCL	batch2_QC_2	NA	611552193.3465593	43682299.52475424	25.38054546885847
DLCL	batch2_QC_3	NA	605591092.228196	43256506.587728284	25.3664138216042
DLCL	batch2_WT_1	WT	577288617.8791618	41234901.27708299	25.297362617746167
DLCL	batch2_WT_2	WT	700264049.7829196	50018860.698779985	25.57596886121587
DLCL	batch2_WT_3	WT	658150453.8635695	47010746.70454068	25.486487260258688
DLCL	batch2_WT_5	WT	621785717.1851658	44413265.51322613	25.4044873144749
DLCL	batch3_HO_5	HO	472619379.7449141	42965398.15862856	25.356671928657533
DLCL	batch3_HO_6	HO	563364068.9419603	51214915.35836003	25.61006069279304
DLCL	batch3_HO_7	HO	515906849.61048055	46900622.69186186	25.483103741504404
DLCL	batch3_HO_8	HO	460266439.64980656	41842403.60452787	25.318462392678164
DLCL	batch3_QC_0	NA	502573062.1360362	45688460.194185115	25.44532648544808
DLCL	batch3_QC_1	NA	510842183.6250782	46440198.51137075	25.46887080331337
DLCL	batch3_QC_2	NA	509293329.2206521	46299393.56551383	25.464489961244475
DLCL	batch3_QC_3	NA	497425631.2592974	45220511.932663396	25.43047398886479
DLCL	batch3_WT_1	WT	493840355.7334681	44894577.79395165	25.420037876167974
DLCL	batch3_WT_2	WT	532103898.11362165	48373081.64669287	25.52770111298944
DLCL	batch3_WT_3	WT	509620142.8716134	46329103.8974194	25.465415442087785
DLCL	batch3_WT_4	WT	516446882.8757997	46949716.6250727	25.484613114426377
FA	batch2_HO_10	HO	64063424.86239296	64063424.86239296	25.932997591576616
FA	batch2_HO_11	HO	95833291.76452342	95833291.76452342	26.514023588649078
FA	batch2_HO_12	HO	105848312.31302246	105848312.31302246	26.657423025732616
FA	batch2_HO_9	HO	77171926.12714149	77171926.12714149	26.20157277850226
FA	batch2_QC_0	NA	104751887.44684246	104751887.44684246	26.642400998113445
FA	batch2_QC_1	NA	98503199.20554654	98503199.20554654	26.553667245664066
FA	batch2_QC_2	NA	110314389.43588205	110314389.43588205	26.717045747796003
FA	batch2_QC_3	NA	110140117.31985442	110140117.31985442	26.714764809441597
FA	batch2_WT_1	WT	61277111.04426643	61277111.04426643	25.86884494612917
FA	batch2_WT_2	WT	165163875.82206932	165163875.82206932	27.299322938160792
FA	batch2_WT_3	WT	136989303.21333975	136989303.21333975	27.02948800408352
FA	batch2_WT_5	WT	97455566.8246545	97455566.8246545	26.53824126119743
Hex1Cer	batch1_HO_5	HO	4368108879.145034	118056996.73364955	26.814908305568594
Hex1Cer	batch1_HO_6	HO	4660505022.977035	125959595.21559554	26.9083857854401
Hex1Cer	batch1_HO_7	HO	4114637531.3191423	111206419.76538226	26.728664833997943
Hex1Cer	batch1_HO_8	HO	4102309337.348445	110873225.33374175	26.7243357716505
Hex1Cer	batch1_QC_1	NA	4425989677.510001	119621342.6354054	26.833899574782624
Hex1Cer	batch1_WT_1	WT	3934076254.2411485	106326385.24976075	26.663924410017838
Hex1Cer	batch1_WT_2	WT	4027227781.7727323	108843994.10196577	26.697686562414102
Hex1Cer	batch1_WT_3	WT	4040694404.5254025	109207956.87906493	26.70250273377944
Hex1Cer	batch1_WT_4	WT	4235132806.937914	114463048.83615984	26.77030669921505
Hex1Cer	batch2_HO_10	HO	9021936017.168571	250609333.8102381	27.90086490716241
Hex1Cer	batch2_HO_11	HO	5498710240.834585	152741951.13429406	27.186521117116158
Hex1Cer	batch2_HO_12	HO	6835206295.530721	189866841.54252002	27.500412733469332
Hex1Cer	batch2_HO_9	HO	5517964925.071931	153276803.4742203	27.19156413877744
Hex1Cer	batch2_QC_0	NA	5133973521.855688	142610375.60710242	27.087503707867885
Hex1Cer	batch2_QC_1	NA	5525097060.478328	153474918.3466202	27.1934276613812
Hex1Cer	batch2_QC_2	NA	5557949527.896812	154387486.88602254	27.201980585933892
Hex1Cer	batch2_QC_3	NA	5661305910.951176	157258497.52642152	27.228562734918913
Hex1Cer	batch2_WT_1	WT	5077442909.830722	141040080.82863116	27.071529965663686
Hex1Cer	batch2_WT_2	WT	5430915012.513637	150858750.347601	27.168623139487813
Hex1Cer	batch2_WT_3	WT	5421859337.802666	150607203.8278518	27.166215537595846
Hex1Cer	batch2_WT_5	WT	5354946400.33951	148748511.12054193	27.14829998711774
Hex1Cer	batch3_HO_5	HO	8542394489.923556	194145329.3164444	27.53256175888685
Hex1Cer	batch3_HO_6	HO	9090966218.375246	206612868.59943742	27.622354872384246
Hex1Cer	batch3_HO_7	HO	8841204402.530708	200936463.69387978	27.582164151029104
Hex1Cer	batch3_HO_8	HO	8130747211.29841	184789709.34769115	27.4613091766406
Hex1Cer	batch3_QC_0	NA	8765896339.721426	199224916.81185052	27.569822853858575
Hex1Cer	batch3_QC_1	NA	8587779463.178216	195176805.98132306	27.54020637816834
Hex1Cer	batch3_QC_2	NA	8814151680.612684	200321629.10483378	27.577742959169314
Hex1Cer	batch3_QC_3	NA	8803339992.42752	200075908.91880736	27.575972222315738
Hex1Cer	batch3_WT_1	WT	9562792656.219301	217336196.73225686	27.69535323043018
Hex1Cer	batch3_WT_2	WT	8991367441.321352	204349260.0300307	27.606461778317826
Hex1Cer	batch3_WT_3	WT	8899086439.053686	202251964.52394742	27.5915784750802
Hex1Cer	batch3_WT_4	WT	9314340239.114836	211689550.8889736	27.657374817992327
Hex2Cer	batch1_HO_5	HO	1117631739.7640646	65743043.515533194	25.970334910455296
Hex2Cer	batch1_HO_6	HO	1147731558.712297	67513621.10072334	26.0086752643305
Hex2Cer	batch1_HO_7	HO	988940337.9915804	58172961.05832826	25.793845404778352
Hex2Cer	batch1_HO_8	HO	1005553765.5611717	59150221.50359833	25.817880235338663
Hex2Cer	batch1_QC_1	NA	1140604118.6430001	67094359.92017647	25.999688160038144
Hex2Cer	batch1_WT_1	WT	896213287.2321608	52718428.660715334	25.65180403385233
Hex2Cer	batch1_WT_2	WT	918174120.7821625	54010242.39895074	25.686729687357595
Hex2Cer	batch1_WT_3	WT	971951175.1210871	57173598.536534525	25.768845761329978
Hex2Cer	batch1_WT_4	WT	1110436965.4712844	65319821.498310834	25.961017512614937
Hex2Cer	batch2_HO_10	HO	2164467366.893833	127321609.81728429	26.923902062315843
Hex2Cer	batch2_HO_11	HO	1071402789.732641	63023693.51368477	25.909390970419302
Hex2Cer	batch2_HO_12	HO	1662744535.9378266	97808502.11398979	26.543456542728105
Hex2Cer	batch2_HO_9	HO	710174530.6857955	41774972.39328208	25.316135539102746
Hex2Cer	batch2_QC_0	NA	817900154.010319	48111773.765312895	25.51988665330636
Hex2Cer	batch2_QC_1	NA	912338847.255401	53666991.01502357	25.6775316659913
Hex2Cer	batch2_QC_2	NA	858996670.4876916	50529215.91104069	25.590614457267968
Hex2Cer	batch2_QC_3	NA	913520462.5151466	53736497.79500862	25.679398962890176
Hex2Cer	batch2_WT_1	WT	682496349.6643099	40146844.09790058	25.258783247638917
Hex2Cer	batch2_WT_2	WT	596886455.2997566	35110967.95880922	25.06541843400257
Hex2Cer	batch2_WT_3	WT	690869955.2312216	40639409.131248325	25.276376090691365
Hex2Cer	batch2_WT_5	WT	645798146.9304174	37988126.290024556	25.179045219100686
Hex2Cer	batch3_HO_5	HO	2661195515.258472	85845016.62124102	26.355231051153037
Hex2Cer	batch3_HO_6	HO	2274525798.688896	73371799.95770633	26.12872234201418
Hex2Cer	batch3_HO_7	HO	2750859466.7675867	88737402.1537931	26.403038982135293
Hex2Cer	batch3_HO_8	HO	2397293519.723527	77332049.02333958	26.204563104036062
Hex2Cer	batch3_QC_0	NA	2425592842.58192	78244930.40586838	26.221493945135457
Hex2Cer	batch3_QC_1	NA	2433616451.8509088	78503756.51131961	26.226258354783777
Hex2Cer	batch3_QC_2	NA	2449956789.902805	79030864.19041307	26.235912848115955
Hex2Cer	batch3_QC_3	NA	2415567833.184831	77921543.0059623	26.215518910227924
Hex2Cer	batch3_WT_1	WT	2637845249.244726	85091782.23370084	26.34251647411158
Hex2Cer	batch3_WT_2	WT	2171301980.1648827	70041999.3601575	26.061716930533212
Hex2Cer	batch3_WT_3	WT	2362730706.359149	76217119.55997255	26.183611750253693
Hex2Cer	batch3_WT_4	WT	2410562875.3761	77760092.75406775	26.212526604036857
LPA	batch3_HO_5	HO	3802254.7549305502	3802254.7549305502	21.858423766582483
LPA	batch3_HO_6	HO	4075672.287254395	4075672.287254395	21.95860662265352
LPA	batch3_HO_7	HO	5238114.786907919	5238114.786907919	22.32061624426464
LPA	batch3_HO_8	HO	3866494.364950663	3866494.364950663	21.882594679782443
LPA	batch3_QC_0	NA	3625494.6681553354	3625494.6681553354	21.78974642144697
LPA	batch3_QC_1	NA	3917632.9588814126	3917632.9588814126	21.901550807867654
LPA	batch3_QC_2	NA	3825300.733241284	3825300.733241284	21.867141741783637
LPA	batch3_QC_3	NA	3857862.747544741	3857862.747544741	21.87937038638733
LPA	batch3_WT_1	WT	3389035.605308544	3389035.605308544	21.692443363223
LPA	batch3_WT_2	WT	4380866.225784023	4380866.225784023	22.062784730494243
LPA	batch3_WT_3	WT	3519173.79394889	3519173.79394889	21.746805332482047
LPA	batch3_WT_4	WT	3819634.811493221	3819634.811493221	21.865003280666
LPC	batch1_HO_5	HO	6398157963.3594055	159953949.0839851	27.25308137051811
LPC	batch1_HO_6	HO	5674865593.819827	141871639.8454957	27.080010982440633
LPC	batch1_HO_7	HO	4094738134.35818	102368453.35895452	26.609195951052424
LPC	batch1_HO_8	HO	4015185332.7178164	100379633.3179454	26.580891340221825
LPC	batch1_QC_1	NA	5262484853.370998	131562121.334275	26.971168934879277
LPC	batch1_WT_1	WT	5913846685.151317	147846167.12878284	27.139521601569832
LPC	batch1_WT_2	WT	2489895841.9293303	62247396.048233256	25.89151015140231
LPC	batch1_WT_3	WT	4529036789.308509	113225919.73271275	26.75462901752809
LPC	batch1_WT_4	WT	4044267153.1832366	101106678.82958092	26.591303059960616
LPC	batch2_HO_10	HO	9401705171.295576	324196730.0446751	28.272294298528934
LPC	batch2_HO_11	HO	7067425950.823715	243704343.13185227	27.86055672111195
LPC	batch2_HO_12	HO	7898036300.290916	272346079.3203764	28.02086585746594
LPC	batch2_HO_9	HO	6692055490.12555	230760534.1422604	27.78182126702591
LPC	batch2_QC_0	NA	7184542185.790366	247742833.9927712	27.884268086893677
LPC	batch2_QC_1	NA	7023891806.374707	242203165.73705888	27.851642481122507
LPC	batch2_QC_2	NA	7121914902.230262	245583272.49069867	27.87163705630302
LPC	batch2_QC_3	NA	7221078588.213873	249002709.9384094	27.891586202570693
LPC	batch2_WT_1	WT	6458676799.339992	222712993.08068934	27.730610486538808
LPC	batch2_WT_2	WT	7244374749.238836	249806025.83582193	27.89623303724015
LPC	batch2_WT_3	WT	7153427170.959014	246669902.44686255	27.87800645430889
LPC	batch2_WT_5	WT	6540621007.658042	225538655.43648425	27.748799479617972
LPC	batch3_HO_5	HO	3783319624.7976937	140122949.06658125	27.062118016032368
LPC	batch3_HO_6	HO	3663348769.525318	135679584.05649328	27.01562841134914
LPC	batch3_HO_7	HO	3280195265.6755667	121488713.54353951	26.85624705094566
LPC	batch3_HO_8	HO	3661724809.7193637	135619437.3970135	27.01498872390527
LPC	batch3_QC_0	NA	3907132987.039685	144708629.14961794	27.108575713174297
LPC	batch3_QC_1	NA	3759494437.7516084	139240534.73154104	27.05300401872891
LPC	batch3_QC_2	NA	3765459028.611555	139461445.50413164	27.055291099305602
LPC	batch3_QC_3	NA	3962462376.301735	146757865.78895316	27.128862588707506
LPC	batch3_WT_1	WT	3937360198.8005757	145828155.51113245	27.119694051429963
LPC	batch3_WT_2	WT	4033704614.629135	149396467.20848647	27.1545707920918
LPC	batch3_WT_3	WT	3808709076.86573	141063299.14317518	27.071767445606884
LPC	batch3_WT_4	WT	4060528085.982918	150389929.11047843	27.164132719007842
LPE	batch1_HO_5	HO	743816663.0515237	35419841.0976916	25.078054404023412
LPE	batch1_HO_6	HO	1198650840.9320343	57078611.47295401	25.766446903624942
LPE	batch1_HO_7	HO	563046960.0578896	26811760.00275664	24.676362589384677
LPE	batch1_HO_8	HO	640569029.5274144	30503287.12035307	24.862461384155978
LPE	batch1_QC_1	NA	589675708.972	28079795.66533333	24.74302910150353
LPE	batch1_WT_1	WT	603555041.5058984	28740716.26218563	24.776592680600668
LPE	batch1_WT_2	WT	646974649.4228432	30808316.63918302	24.87681652014776
LPE	batch1_WT_3	WT	683532275.8081541	32549155.99086448	24.956116798583103
LPE	batch1_WT_4	WT	562189633.8900489	26770934.94714518	24.67416418869854
LPE	batch2_HO_10	HO	1790613889.6215878	105330228.80126987	26.65034429501731
LPE	batch2_HO_11	HO	1110016657.2209957	65295097.48358798	25.960471338959806
LPE	batch2_HO_12	HO	1727725426.6415727	101630907.44950424	26.5987639726578
LPE	batch2_HO_9	HO	1239804084.1348464	72929652.00793217	26.12000217433352
LPE	batch2_QC_0	NA	1208317824.9479048	71077519.11458263	26.082889990716705
LPE	batch2_QC_1	NA	1217319338.0973434	71607019.888079	26.09359769110448
LPE	batch2_QC_2	NA	1200953609.8571582	70644329.99159755	26.074070436783966
LPE	batch2_QC_3	NA	1240245599.1837003	72955623.48139413	26.120515850799336
LPE	batch2_WT_1	WT	1161084240.7133017	68299072.9831354	26.02536266129633
LPE	batch2_WT_2	WT	860847765.5212973	50638103.85419396	25.593720048216227
LPE	batch2_WT_3	WT	995985482.6567675	58587381.332751036	25.80408663177675
LPE	batch2_WT_5	WT	1027954629.9205029	60467919.40708841	25.849666603500083
LPE	batch3_HO_5	HO	395529846.30841744	30425372.792955186	24.858771604167934
LPE	batch3_HO_6	HO	413625693.4535812	31817361.034890864	24.92331084621118
LPE	batch3_HO_7	HO	430574510.3738423	33121116.182603255	24.981247956733974
LPE	batch3_HO_8	HO	395525125.77867687	30425009.675282836	24.858754385933835
LPE	batch3_QC_0	NA	359141905.50992113	27626300.42384009	24.71953904078329
LPE	batch3_QC_1	NA	368330559.48785174	28333119.960603975	24.755986140048854
LPE	batch3_QC_2	NA	373887573.5481284	28760582.58062526	24.77758956382977
LPE	batch3_QC_3	NA	383136943.40969944	29472072.569976877	24.812845183149538
LPE	batch3_WT_1	WT	375229394.1977279	28863799.553671386	24.782757889072993
LPE	batch3_WT_2	WT	375751230.154956	28903940.781150453	24.784762868281263
LPE	batch3_WT_3	WT	372007406.7625439	28615954.366349537	24.7703163870041
LPE	batch3_WT_4	WT	374743579.16119343	28826429.166245636	24.780888800273985
LPG	batch1_HO_5	HO	21241283.380266383	10620641.690133192	23.3403675993938
LPG	batch1_HO_6	HO	10920825.174225008	5460412.587112504	22.38057853418616
LPG	batch1_HO_7	HO	17515696.94148761	8757848.470743805	23.062145057662782
LPG	batch1_HO_8	HO	3825260.613611862	1912630.306805931	20.867126610766096
LPG	batch1_QC_1	NA	15424804.081	7712402.0405	22.878748829232137
LPG	batch1_WT_1	WT	11310845.534478068	5655422.767239034	22.43120344524623
LPG	batch1_WT_2	WT	21478400.658623926	10739200.329311963	23.35638323445417
LPG	batch1_WT_3	WT	30036603.738051474	15018301.869025737	23.840218359644687
LPG	batch1_WT_4	WT	27356029.83194965	13678014.915974826	23.70535553195848
LPG	batch2_HO_10	HO	5575650.129966875	2787825.0649834373	21.41070860477815
LPG	batch2_HO_11	HO	5032213.1345842965	2516106.5672921482	21.262761596807458
LPG	batch2_HO_12	HO	8614726.133898567	4307363.066949284	22.038373502565605
LPG	batch2_HO_9	HO	3789122.7148301536	1894561.3574150768	20.85343243316471
LPG	batch2_QC_0	NA	6316586.518635305	3158293.2593176523	21.590713706361985
LPG	batch2_QC_1	NA	7521587.937386569	3760793.9686932843	21.842605841274082
LPG	batch2_QC_2	NA	7732153.857617079	3866076.9288085396	21.88243891450597
LPG	batch2_QC_3	NA	6717426.280933474	3358713.140466737	21.679477153078448
LPG	batch2_WT_1	WT	2180217.92844889	1090108.964224445	20.056040919271954
LPG	batch2_WT_2	WT	9278662.91082318	4639331.45541159	22.145485492036517
LPG	batch2_WT_3	WT	3659736.6100483416	1829868.3050241708	20.803308391317703
LPG	batch2_WT_5	WT	8085190.427513601	4042595.2137568006	21.9468503226888
LPG	batch3_HO_5	HO	18942382.6903982	6314127.563466067	22.590151976842716
LPG	batch3_HO_6	HO	17916423.07223155	5972141.024077184	22.50981680250193
LPG	batch3_HO_7	HO	17430460.454276577	5810153.4847588595	22.47014484461958
LPG	batch3_HO_8	HO	8449216.526518546	2816405.5088395155	21.425423638908384
LPG	batch3_QC_0	NA	22809772.37777581	7603257.459258603	22.858186213336914
LPG	batch3_QC_1	NA	19097208.16926576	6365736.056421919	22.601895908832724
LPG	batch3_QC_2	NA	20023400.04548674	6674466.681828914	22.670221133282695
LPG	batch3_QC_3	NA	18003599.76130189	6001199.920433963	22.51681956107593
LPG	batch3_WT_1	WT	18397332.972515095	6132444.324171699	22.548030800087552
LPG	batch3_WT_2	WT	17135503.65186803	5711834.550622677	22.4455227600967
LPG	batch3_WT_3	WT	22998137.766051933	7666045.922017312	22.870051209684057
LPG	batch3_WT_4	WT	10650669.823098442	3550223.274366147	21.75947832822122
LPI	batch1_HO_5	HO	1839264.221644722	919632.110822361	19.810697316000546
LPI	batch1_HO_6	HO	0	0	-19.931568569324174
LPI	batch1_HO_7	HO	6804367.311595851	3402183.6557979253	21.698029591618454
LPI	batch1_HO_8	HO	2584107.200290341	1292053.6001451705	20.301234490022484
LPI	batch1_QC_1	NA	6078032.016000001	3039016.0080000004	21.535172843593013
LPI	batch1_WT_1	WT	3657932.90096379	1828966.450481895	20.802597180678777
LPI	batch1_WT_2	WT	11685221.954221591	5842610.977110796	22.478181801774
LPI	batch1_WT_3	WT	9811764.91961518	4905882.45980759	22.22608123805812
LPI	batch1_WT_4	WT	10375284.011202272	5187642.005601136	22.306647493292576
LPI	batch3_HO_5	HO	7663306.754341183	3831653.3771705916	21.869535625791304
LPI	batch3_HO_6	HO	8927279.93486554	4463639.96743277	22.089789234899627
LPI	batch3_HO_7	HO	8504022.704206444	4252011.352103222	22.019714017934163
LPI	batch3_HO_8	HO	8697300.747282855	4348650.373641428	22.05213629181012
LPI	batch3_QC_0	NA	7378489.986771003	3689244.9933855017	21.81489416725027
LPI	batch3_QC_1	NA	8495187.919785216	4247593.959892608	22.018214430559038
LPI	batch3_QC_2	NA	7655292.207417219	3827646.103708609	21.86802601669637
LPI	batch3_QC_3	NA	8660692.182094943	4330346.091047471	22.046050902332997
LPI	batch3_WT_1	WT	3502219.998507955	1751109.9992539776	20.739838281533782
LPI	batch3_WT_2	WT	9401240.88125318	4700620.44062659	22.164419761761447
LPI	batch3_WT_3	WT	5153177.249396282	2576588.624698141	21.297030785806967
LPI	batch3_WT_4	WT	15526975.547181886	7763487.773590943	22.88827350307939
LPS	batch3_HO_5	HO	3123442.2992473436	3123442.2992473436	21.574705447920678
LPS	batch3_HO_6	HO	2000502.974584112	2000502.974584112	20.931931343179397
LPS	batch3_HO_7	HO	2835160.909563137	2835160.909563137	21.434999186975784
LPS	batch3_HO_8	HO	2118859.366372582	2118859.366372582	21.014856405185057
LPS	batch3_QC_0	NA	1952028.5515455443	1952028.5515455443	20.89654272410682
LPS	batch3_QC_1	NA	1774635.3901873415	1774635.3901873415	20.75909121377217
LPS	batch3_QC_2	NA	1960666.2653194708	1960666.2653194708	20.90291255750996
LPS	batch3_QC_3	NA	1908928.5225216555	1908928.5225216555	20.864331653138482
LPS	batch3_WT_1	WT	530512.7943589404	530512.7943589404	19.017028019426157
LPS	batch3_WT_2	WT	2139687.848394923	2139687.848394923	21.028968911549267
LPS	batch3_WT_3	WT	1860308.622395805	1860308.622395805	20.82711055144584
LPS	batch3_WT_4	WT	840152.1032168734	840152.1032168734	19.680291015058067
LSM	batch1_HO_5	HO	235036272.08205807	117518136.04102904	26.80830817765433
LSM	batch1_HO_6	HO	394567072.1823181	197283536.09115905	27.55569532291144
LSM	batch1_HO_7	HO	104841966.66202319	52420983.33101159	25.64364108070636
LSM	batch1_HO_8	HO	529133283.1154692	264566641.5577346	27.979055926939463
LSM	batch1_QC_1	NA	283752453.98	141876226.99	27.080057628434506
LSM	batch1_WT_1	WT	431471201.10603696	215735600.55301848	27.68468902787034
LSM	batch1_WT_2	WT	107607341.46505758	53803670.73252879	25.68120126760613
LSM	batch1_WT_3	WT	112593486.47847377	56296743.239236884	25.746548129172414
LSM	batch1_WT_4	WT	169288128.0510953	84644064.02554765	26.33490556161561
LSM	batch2_HO_10	HO	53680056.30671459	53680056.30671459	25.677882849039065
LSM	batch2_HO_11	HO	70501561.77581182	70501561.77581182	26.071151881173513
LSM	batch2_HO_12	HO	18945958.422414947	18945958.422414947	24.175386787763212
LSM	batch2_HO_9	HO	101225513.49144532	101225513.49144532	26.59299772055915
LSM	batch2_QC_0	NA	72931031.07148089	72931031.07148089	26.120029454723284
LSM	batch2_QC_1	NA	74566921.79859874	74566921.79859874	26.152032450987715
LSM	batch2_QC_2	NA	69224809.51756267	69224809.51756267	26.044785843017618
LSM	batch2_QC_3	NA	74854487.14145662	74854487.14145662	26.157585465233986
LSM	batch2_WT_1	WT	67884382.14816995	67884382.14816995	26.016576362553728
LSM	batch2_WT_2	WT	71777985.13169628	71777985.13169628	26.097038090272928
LSM	batch2_WT_3	WT	128577679.3318189	128577679.3318189	26.93806497631993
LSM	batch2_WT_5	WT	72996130.44513337	72996130.44513337	26.121316652374325
LSM	batch3_HO_5	HO	45083066.719632156	22541533.359816078	24.426082320598432
LSM	batch3_HO_6	HO	44351423.32803785	22175711.664018925	24.4024770685204
LSM	batch3_HO_7	HO	16330649.712369254	8165324.856184627	22.96107885365186
LSM	batch3_HO_8	HO	63739393.513566986	31869696.756783493	24.92568195601119
LSM	batch3_QC_0	NA	67498547.57648566	33749273.78824283	25.008353123015855
LSM	batch3_QC_1	NA	67103013.06451909	33551506.532259546	24.999874212092255
LSM	batch3_QC_2	NA	68501474.00433318	34250737.00216659	25.02963169631193
LSM	batch3_QC_3	NA	69175272.2345023	34587636.11725115	25.043753080684592
LSM	batch3_WT_1	WT	71815064.06846315	35907532.03423157	25.09778316254047
LSM	batch3_WT_2	WT	116571613.9853839	58285806.99269195	25.796641283930576
LSM	batch3_WT_3	WT	54144019.11056757	27072009.555283785	24.690298646993014
LSM	batch3_WT_4	WT	55910481.62435135	27955240.812175676	24.73661543690315
MG	batch2_HO_10	HO	68765327.60458694	34382663.80229347	25.035177986383115
MG	batch2_HO_11	HO	62261119.49032732	31130559.74516366	24.89182818172898
MG	batch2_HO_12	HO	64220572.680674136	32110286.340337068	24.93653219442451
MG	batch2_HO_9	HO	112450520.92812046	56225260.46406023	25.744715103528797
MG	batch2_QC_0	NA	81726236.71560256	40863118.35780129	25.28429596783418
MG	batch2_QC_1	NA	80378610.55172598	40189305.27586299	25.260308302973495
MG	batch2_QC_2	NA	77523690.19072077	38761845.09536038	25.208133910056695
MG	batch2_QC_3	NA	77302045.30412005	38651022.652060024	25.204003250561883
MG	batch2_WT_1	WT	97297395.44941784	48648697.72470892	25.53589785028166
MG	batch2_WT_2	WT	78608070.22208261	39304035.11104131	25.228174097200608
MG	batch2_WT_3	WT	92768194.80763008	46384097.40381504	25.467126932299518
MG	batch2_WT_5	WT	46816889.94517717	23408444.972588584	24.48052576334119
MLCL	batch2_HO_10	HO	874218844.4262542	97135427.15847267	26.533494234461592
MLCL	batch2_HO_11	HO	700464884.9212325	77829431.65791473	26.21381248622875
MLCL	batch2_HO_12	HO	773502409.03085506	85944712.11453944	26.356905542532537
MLCL	batch2_HO_9	HO	682367631.9353042	75818625.77058935	26.176048971789445
MLCL	batch2_QC_0	NA	694773247.0124521	77197027.44582799	26.202041960257656
MLCL	batch2_QC_1	NA	677220398.0217531	75246710.89130588	26.165125185824643
MLCL	batch2_QC_2	NA	698896178.1385498	77655130.9042833	26.21057791510375
MLCL	batch2_QC_3	NA	716488617.3590121	79609846.37322356	26.246443542660217
MLCL	batch2_WT_1	WT	616616710.924753	68512967.88052809	26.029873746098744
MLCL	batch2_WT_2	WT	800600613.0021658	88955623.66690728	26.40658247802213
MLCL	batch2_WT_3	WT	684304172.1388319	76033796.90431465	26.180137501031982
MLCL	batch2_WT_5	WT	691465454.8306402	76829494.98118223	26.19515693471648
MLCL	batch3_HO_5	HO	634012560.3546256	48770196.950355805	25.53949646268188
MLCL	batch3_HO_6	HO	553023799.5071177	42540292.26977828	25.34232660946858
MLCL	batch3_HO_7	HO	567620533.2517117	43663117.94243937	25.379911819723134
MLCL	batch3_HO_8	HO	577271525.9512957	44405501.99625353	25.404235106799003
MLCL	batch3_QC_0	NA	604187470.2456067	46475959.24966206	25.469981306450432
MLCL	batch3_QC_1	NA	624830671.2518433	48063897.788603336	25.51845031418305
MLCL	batch3_QC_2	NA	602853510.4954494	46373346.961188436	25.466792520103485
MLCL	batch3_QC_3	NA	616876801.646056	47452061.665081225	25.499967434058032
MLCL	batch3_WT_1	WT	612802246.5285115	47138634.34834705	25.49040662713977
MLCL	batch3_WT_2	WT	609490049.6697974	46883849.9745998	25.482587709040047
MLCL	batch3_WT_3	WT	615975130.261158	47382702.32778139	25.497857144843607
MLCL	batch3_WT_4	WT	610610401.5573186	46970030.889024496	25.4852372065709
MLCL	batch4_HO_10	HO	2611242.6177948946	870414.2059316315	19.731342577281165
MLCL	batch4_HO_6	HO	4777298.120448063	1592432.7068160211	20.602800977540365
MLCL	batch4_HO_7	HO	1903853.7728066253	634617.9242688752	19.27552874402213
MLCL	batch4_QC_1	NA	2776438.5913152257	925479.5304384085	19.819841555661633
MLCL	batch4_QC_2	NA	3526276.9408803983	1175425.6469601328	20.164751851698274
MLCL	batch4_QC_3	NA	3219694.60555595	1073231.5351853166	20.033529920936566
MLCL	batch4_WT_1	WT	1287152.7899626514	429050.9299875505	18.71078938575318
MLCL	batch4_WT_3	WT	4118482.319276886	1372827.439758962	20.388718863820007
MLCL	batch4_WT_4	WT	3037943.671910434	1012647.8906368113	19.94970118893527
MLCL	batch4_WT_5	WT	1952176.5293207956	650725.5097735985	19.311689585881272
OAHFA	batch2_HO_10	HO	16134560.892345356	3226912.178469071	21.621722884239272
OAHFA	batch2_HO_11	HO	16435487.508477204	3287097.50169544	21.648382819514136
OAHFA	batch2_HO_12	HO	27703150.004435208	5540630.000887042	22.401618597490604
OAHFA	batch2_HO_9	HO	16907885.215633947	3381577.0431267894	21.68926479266129
OAHFA	batch2_QC_0	NA	30433830.35350582	6086766.070701163	22.537244489908577
OAHFA	batch2_QC_1	NA	33554282.923256278	6710856.584651255	22.67806549544522
OAHFA	batch2_QC_2	NA	34198170.96762085	6839634.19352417	22.705487736350587
OAHFA	batch2_QC_3	NA	41219794.99971389	8243958.999942779	22.974905899198326
OAHFA	batch2_WT_1	WT	26830888.557841424	5366177.711568285	22.355463402408322
OAHFA	batch2_WT_2	WT	91932345.74813586	18386469.14962717	24.13214112224315
OAHFA	batch2_WT_3	WT	63278323.83348199	12655664.7666964	23.59327995438862
OAHFA	batch2_WT_5	WT	32873618.40637425	6574723.68127485	22.64849883224168
OAHFA	batch3_HO_5	HO	3285169.108313138	1642584.554156569	20.64753620637045
OAHFA	batch3_HO_6	HO	3730507.7216081214	1865253.860804061	20.83094056377281
OAHFA	batch3_HO_7	HO	3527089.377394959	1763544.6886974794	20.750046703833334
OAHFA	batch3_HO_8	HO	3410311.384037948	1705155.692018974	20.701472042210185
OAHFA	batch3_QC_0	NA	3602887.857605258	1801443.928802629	20.78072231690022
OAHFA	batch3_QC_1	NA	3307764.3522349563	1653882.1761174782	20.65742502875215
OAHFA	batch3_QC_2	NA	3533373.9636053094	1766686.9818026547	20.752615017927276
OAHFA	batch3_QC_3	NA	3844679.215760136	1922339.607880068	20.874431799985807
OAHFA	batch3_WT_1	WT	4758550.883337118	2379275.441668559	21.182090867286544
OAHFA	batch3_WT_2	WT	3216142.010596701	1608071.0052983505	20.616899680276084
OAHFA	batch3_WT_3	WT	4038285.0984230447	2019142.5492115223	20.945311336250278
OAHFA	batch3_WT_4	WT	3468976.7110811286	1734488.3555405643	20.72607872447206
PA	batch1_HO_5	HO	1481694068.8859158	296338813.7771832	28.142672358656814
PA	batch1_HO_6	HO	933054540.6466224	186610908.12932447	27.475458078858384
PA	batch1_HO_7	HO	1075935437.043348	215187087.40866962	27.681016268729532
PA	batch1_HO_8	HO	1477641411.511986	295528282.3023972	28.138720963223957
PA	batch1_QC_1	NA	1077534362.144	215506872.4288	27.68315863612027
PA	batch1_WT_1	WT	974541698.3803796	194908339.6760759	27.53822058059215
PA	batch1_WT_2	WT	1491590724.3318138	298318144.86636275	28.15227648974754
PA	batch1_WT_3	WT	1394208310.7911992	278841662.1582399	28.054870891677595
PA	batch1_WT_4	WT	1121587813.512241	224317562.70244813	27.74096733820258
PA	batch2_HO_10	HO	172001031.33402926	28666838.555671543	24.772879473863473
PA	batch2_HO_11	HO	204515149.99811694	34085858.33301949	25.022669976936406
PA	batch2_HO_12	HO	184874050.70238182	30812341.783730306	24.87700499772116
PA	batch2_HO_9	HO	206917194.79180318	34486199.131967194	25.03951579632637
PA	batch2_QC_0	NA	200892417.57067376	33482069.595112294	24.996885370783357
PA	batch2_QC_1	NA	194492852.87174538	32415475.478624232	24.950179399111406
PA	batch2_QC_2	NA	200652656.2250515	33442109.370841917	24.99516251291256
PA	batch2_QC_3	NA	197223753.44564977	32870625.57427496	24.97029557740851
PA	batch2_WT_1	WT	211004641.20092425	35167440.200154044	25.06773699078852
PA	batch2_WT_2	WT	210362107.22399718	35060351.203999534	25.06333711204122
PA	batch2_WT_3	WT	208342199.21424964	34723699.86904161	25.049417341784675
PA	batch2_WT_5	WT	197647152.24555635	32941192.04092606	24.97338942693875
PA	batch3_HO_5	HO	1315258358.8061833	187894051.2580262	27.485344150729677
PA	batch3_HO_6	HO	1272313621.893006	181759088.841858	27.43745226684338
PA	batch3_HO_7	HO	1352439269.871769	193205609.98168126	27.52556174444882
PA	batch3_HO_8	HO	1316957410.583603	188136772.9405147	27.487206622600283
PA	batch3_QC_0	NA	1245269420.3625886	177895631.4803698	27.406455842390944
PA	batch3_QC_1	NA	1405096913.0149245	200728130.4307035	27.580667572057564
PA	batch3_QC_2	NA	722479685.2473432	103211383.60676332	26.621026859388255
PA	batch3_QC_3	NA	1219151103.4458606	174164443.34940866	27.375874878790857
PA	batch3_WT_1	WT	715575813.7252897	102225116.24646994	26.60717446254143
PA	batch3_WT_2	WT	1228097871.5459251	175442553.07798928	27.38642347078617
PA	batch3_WT_3	WT	1258943151.4690557	179849021.63843656	27.42221107046981
PA	batch3_WT_4	WT	1417299468.6457267	202471352.66367525	27.593142557003702
PC	batch1_HO_5	HO	591770164838.2283	1494369103.1268368	30.47688938597029
PC	batch1_HO_6	HO	578768586383.0374	1461536834.3005996	30.44483904302976
PC	batch1_HO_7	HO	481133932867.12683	1214984678.9573915	30.178290975445666
PC	batch1_HO_8	HO	503049817007.6552	1270327820.7264023	30.242553700831664
PC	batch1_QC_1	NA	431640169620.77594	1090000428.3352926	30.021681555921568
PC	batch1_WT_1	WT	553851573546.1727	1398615084.7125576	30.381351824506083
PC	batch1_WT_2	WT	520844727076.73444	1315264462.3149865	30.29270576765554
PC	batch1_WT_3	WT	556525365862.7896	1405367085.512096	30.3882998693267
PC	batch1_WT_4	WT	536126058164.8871	1353853682.2345626	30.334424682026896
PC	batch2_HO_10	HO	577295411316.6317	2076602198.980689	30.951577729040288
PC	batch2_HO_11	HO	573823806032.8119	2064114410.1899712	30.94287579298345
PC	batch2_HO_12	HO	523599436272.344	1883451209.6127484	30.810731515059494
PC	batch2_HO_9	HO	590379234384.3556	2123666310.7350898	30.983909948910085
PC	batch2_QC_0	NA	589681510215.2	2121156511.565468	30.98220392941803
PC	batch2_QC_1	NA	548713806852.3375	1973790672.1307106	30.878321848698356
PC	batch2_QC_2	NA	577715885531.5972	2078114696.1568234	30.95262813624099
PC	batch2_QC_3	NA	553742474036.4298	1991879403.0087404	30.891483157040838
PC	batch2_WT_1	WT	612061609897.8184	2201660467.2583385	31.035944852420066
PC	batch2_WT_2	WT	669742927765.3152	2409147222.1773915	31.165875412865823
PC	batch2_WT_3	WT	617037957301.6505	2219560997.4879513	31.047627211022395
PC	batch2_WT_5	WT	598493584511.4259	2152854620.5446982	31.003603753472493
PC	batch3_HO_5	HO	657657561105.7117	2426780668.286757	31.176396578019624
PC	batch3_HO_6	HO	628498220344.0543	2319181624.88581	31.11096866192252
PC	batch3_HO_7	HO	653948820082.9843	2413095277.0589824	31.168237733081934
PC	batch3_HO_8	HO	614865286802.6848	2268875597.0578766	31.0793303618824
PC	batch3_QC_0	NA	664795792798.6821	2453121006.6372027	31.19197125435941
PC	batch3_QC_1	NA	652054560731.9384	2406105390.154755	31.164052689569115
PC	batch3_QC_2	NA	674197949551.4349	2487815311.9979153	31.212232242045353
PC	batch3_QC_3	NA	626415430747.5977	2311496054.4191785	31.106179753971
PC	batch3_WT_1	WT	638986907941.495	2357885269.156808	31.13484637482919
PC	batch3_WT_2	WT	672420498441.6411	2481256451.814175	31.20842370757212
PC	batch3_WT_3	WT	712159364002.626	2627894332.1130104	31.291260119904706
PC	batch3_WT_4	WT	688382756376.1967	2540157772.605892	31.24227096149045
PE	batch1_HO_5	HO	106067404573.19548	469324798.9964405	28.806011453098005
PE	batch1_HO_6	HO	95526544726.89717	422683826.22520876	28.655003668555125
PE	batch1_HO_7	HO	102676033623.1824	454318732.8459398	28.759129552115738
PE	batch1_HO_8	HO	107606398168.73311	476134505.1713857	28.826793942993827
PE	batch1_QC_1	NA	105300062897.24693	465929481.8462256	28.795536379452255
PE	batch1_WT_1	WT	106661821036.25497	471954960.3374114	28.814073945808307
PE	batch1_WT_2	WT	99606527612.88817	440736847.8446384	28.715342277407995
PE	batch1_WT_3	WT	106498847297.29832	471233837.59866464	28.811867896703287
PE	batch1_WT_4	WT	104890953825.01947	464119264.71247524	28.78992034139116
PE	batch2_HO_10	HO	129876870091.8139	639787537.398098	29.25301764916256
PE	batch2_HO_11	HO	103516447384.70537	509933238.34830266	28.92573313753881
PE	batch2_HO_12	HO	123195480248.68803	606874286.9393498	29.176822454504602
PE	batch2_HO_9	HO	111289450490.63661	548223894.0425444	29.030189967717636
PE	batch2_QC_0	NA	117555609448.62312	579091672.1607051	29.10921650887279
PE	batch2_QC_1	NA	116640534114.13892	574583911.8923101	29.097942357680935
PE	batch2_QC_2	NA	114936458514.64789	566189450.8110731	29.076709628433818
PE	batch2_QC_3	NA	113201917465.04883	557644913.62093	29.054771521970768
PE	batch2_WT_1	WT	122140927294.26419	601679444.7993308	29.16441982985601
PE	batch2_WT_2	WT	122194352825.87807	601942624.7580193	29.16505073956914
PE	batch2_WT_3	WT	118823929189.35101	585339552.6569014	29.124698527078472
PE	batch2_WT_5	WT	127558136844.44992	628365206.1302954	29.227028056960474
PE	batch3_HO_5	HO	135891838092.44724	635008589.2170433	29.242200865215246
PE	batch3_HO_6	HO	149287007018.53638	697602836.5352173	29.377830665393457
PE	batch3_HO_7	HO	138342011452.85666	646457997.4432557	29.26798139541615
PE	batch3_HO_8	HO	137919411952.27383	644483233.4218404	29.26356758568613
PE	batch3_QC_0	NA	139879313704.63055	653641652.8253766	29.283924680174145
PE	batch3_QC_1	NA	139173655968.07172	650344186.7666906	29.276628208193834
PE	batch3_QC_2	NA	138055253813.72427	645118008.4753466	29.264987849355208
PE	batch3_QC_3	NA	140183599806.13257	655063550.4959462	29.287059634509106
PE	batch3_WT_1	WT	145396402123.73608	679422439.830542	29.3397336271506
PE	batch3_WT_2	WT	137054390574.30415	640441077.4500192	29.254490603387918
PE	batch3_WT_3	WT	142950992552.59476	667995292.3018447	29.315262694437877
PE	batch3_WT_4	WT	141814333417.6142	662683801.016889	29.303745412965885
PEt	batch1_HO_5	HO	5939370892.063043	593937089.2063043	29.14573488558505
PEt	batch1_HO_6	HO	5975951169.925731	597595116.9925731	29.154593118873674
PEt	batch1_HO_7	HO	5632889193.933772	563288919.3933772	29.06929985131642
PEt	batch1_HO_8	HO	5416568703.49201	541656870.349201	29.012803979295867
PEt	batch1_QC_1	NA	5532316747.777	553231674.7777001	29.04330851814789
PEt	batch1_WT_1	WT	5458775368.842054	545877536.8842053	29.02400208982943
PEt	batch1_WT_2	WT	5266288891.289836	526628889.12898356	28.97221142415917
PEt	batch1_WT_3	WT	5272156319.857196	527215631.9857196	28.97381790610256
PEt	batch1_WT_4	WT	5305689173.393615	530568917.33936155	28.98296491880825
PG	batch1_HO_5	HO	12017078647.36222	136557711.90184346	27.02493554964575
PG	batch1_HO_6	HO	12595223199.528465	143127536.35827792	27.092726018485518
PG	batch1_HO_7	HO	14272384220.69214	162186184.32604697	27.273075689300146
PG	batch1_HO_8	HO	13272995910.327349	150829498.9809926	27.16834337518296
PG	batch1_QC_1	NA	14439978785.433996	164090668.01629543	27.289917952920447
PG	batch1_WT_1	WT	14747986910.526432	167590760.34689122	27.320367371327286
PG	batch1_WT_2	WT	16274239530.47727	184934540.1190599	27.46243946034047
PG	batch1_WT_3	WT	15877142559.358297	180422074.5381625	27.426800621408592
PG	batch1_WT_4	WT	15412727907.471544	175144635.31217661	27.38397155810357
PG	batch2_HO_10	HO	17608331288.32995	225747837.02987105	27.75013692389816
PG	batch2_HO_11	HO	18556870701.310165	237908598.73474568	27.82583217515699
PG	batch2_HO_12	HO	19041501964.216885	244121820.05406263	27.863026010698473
PG	batch2_HO_9	HO	22018062229.23489	282282849.09275484	28.072566235458254
PG	batch2_QC_0	NA	20316025271.72319	260461862.45798963	27.956496903692187
PG	batch2_QC_1	NA	19671648843.175663	252200626.19455975	27.90999661686918
PG	batch2_QC_2	NA	19486762989.359753	249830294.73538145	27.89637318966554
PG	batch2_QC_3	NA	19484051146.57595	249795527.52020448	27.89617240545156
PG	batch2_WT_1	WT	18776782710.42387	240727983.46697277	27.842828616999537
PG	batch2_WT_2	WT	24597011931.97764	315346306.82022613	28.232361796277058
PG	batch2_WT_3	WT	22167397529.121044	284197404.2195006	28.08231813656223
PG	batch2_WT_5	WT	20840909346.39224	267191145.4665672	27.993296957767388
PG	batch3_HO_5	HO	14022983706.540188	212469450.09909377	27.662680177483423
PG	batch3_HO_6	HO	14479606660.9128	219387979.7108	27.708909241600793
PG	batch3_HO_7	HO	15479487802.631422	234537693.97926396	27.805244564768245
PG	batch3_HO_8	HO	13654688466.195263	206889219.18477666	27.624283228685954
PG	batch3_QC_0	NA	14625266503.045498	221594947.0158409	27.723349743381753
PG	batch3_QC_1	NA	14349023063.023594	217409440.34884235	27.695839345502588
PG	batch3_QC_2	NA	14319487908.872068	216961938.01321316	27.692866729621475
PG	batch3_QC_3	NA	14304679582.86507	216737569.43734956	27.69137401194462
PG	batch3_WT_1	WT	13370677477.213387	202586022.382021	27.593959396536118
PG	batch3_WT_2	WT	15336170164.85253	232366214.6189777	27.79182507936907
PG	batch3_WT_3	WT	15279370039.25627	231505606.65539804	27.786471892523902
PG	batch3_WT_4	WT	15045063448.894144	227955506.80142647	27.764177020414536
PI	batch1_HO_5	HO	4132156486.961195	87918223.12683398	26.38965889317375
PI	batch1_HO_6	HO	2459508602.9577584	52329970.275696985	25.641134103689385
PI	batch1_HO_7	HO	11602372432.300879	246858987.92129532	27.879111932407294
PI	batch1_HO_8	HO	10488791303.948185	223165772.42442948	27.733540532950073
PI	batch1_QC_1	NA	9675487533.206	205861436.8767234	27.61709836062176
PI	batch1_WT_1	WT	11614342126.749245	247113662.27126065	27.880599534824743
PI	batch1_WT_2	WT	12132767283.037571	258143984.7454802	27.94360074000285
PI	batch1_WT_3	WT	11487642868.179756	244417933.3655268	27.864774901163642
PI	batch1_WT_4	WT	11678054218.757313	248469238.69696406	27.88849201158517
PI	batch2_HO_10	HO	9390941074.452454	204150892.92287943	27.605060636789784
PI	batch2_HO_11	HO	6567840227.3968525	142779135.37819245	27.08920992974262
PI	batch2_HO_12	HO	10559882739.670244	229562668.253701	27.774312807452805
PI	batch2_HO_9	HO	5834300140.011983	126832611.7393909	26.918350504146282
PI	batch2_QC_0	NA	7006230285.788275	152309354.0388756	27.18242930638106
PI	batch2_QC_1	NA	6898085362.957123	149958377.45558962	27.159986880012006
PI	batch2_QC_2	NA	6492411850.108421	141139388.04583526	27.072545418958505
PI	batch2_QC_3	NA	6116953131.630309	132977241.99196327	26.98660412005306
PI	batch2_WT_1	WT	5131724275.374485	111559223.37770623	26.73323455525551
PI	batch2_WT_2	WT	4306070815.085638	93610235.11055735	26.48016294333613
PI	batch2_WT_3	WT	4410158011.458436	95873000.24909645	26.514621244928296
PI	batch2_WT_5	WT	7840651876.746042	170448953.8423052	27.34476450383256
PI	batch3_HO_5	HO	9980612803.625298	184826163.03009808	27.461593750712936
PI	batch3_HO_6	HO	8465727628.099634	156772733.85369688	27.22409942470886
PI	batch3_HO_7	HO	9766979972.81026	180869999.4964863	27.430377890292146
PI	batch3_HO_8	HO	9557353951.455841	176988036.13807118	27.399076600832995
PI	batch3_QC_0	NA	8616259776.536907	159560366.23216492	27.249527098997376
PI	batch3_QC_1	NA	8583611581.435381	158955770.02658117	27.244050145739294
PI	batch3_QC_2	NA	8346694552.197061	154568417.63327888	27.203670328177576
PI	batch3_QC_3	NA	8469734792.55758	156846940.60291812	27.224782147891233
PI	batch3_WT_1	WT	6378325478.906646	118117138.49827126	26.8156430704264
PI	batch3_WT_2	WT	9606786284.653654	177903449.7158083	27.40651924519378
PI	batch3_WT_3	WT	8643860178.317686	160071484.7836609	27.25414108740764
PI	batch3_WT_4	WT	7134182884.985755	132114497.8701065	26.977213551630907
PMe	batch1_HO_5	HO	379761.6277171127	379761.6277171127	18.53473461294808
PMe	batch1_HO_6	HO	566685.448259831	566685.448259831	19.112188630843175
PMe	batch1_HO_7	HO	160881382.01612395	160881382.01612395	27.261422139062446
PMe	batch1_HO_8	HO	107836958.31934696	107836958.31934696	26.684276468228713
PMe	batch1_QC_1	NA	4777552.447	4777552.447	22.187840280227153
PMe	batch1_WT_1	WT	197046000.76538628	197046000.76538628	27.553957228013907
PMe	batch1_WT_2	WT	13124434.858935695	13124434.858935695	23.645751965560716
PMe	batch1_WT_3	WT	188004833.77323732	188004833.77323732	27.486194514464735
PMe	batch1_WT_4	WT	186281539.9087032	186281539.9087032	27.472909472553308
PS	batch1_HO_5	HO	1345613856.6394095	24918775.122952025	24.57072981895098
PS	batch1_HO_6	HO	1059534058.403459	19621001.08154554	24.225895315276254
PS	batch1_HO_7	HO	18626222598.760983	344930048.1252033	28.36172857184363
PS	batch1_HO_8	HO	16118631649.581915	298493178.69596136	28.15312272183202
PS	batch1_QC_1	NA	13684316105.026995	253413261.2042037	27.916916782286954
PS	batch1_WT_1	WT	21411011873.914253	396500219.887301	28.5627464251044
PS	batch1_WT_2	WT	30577430069.12588	566248704.9838125	29.07686060480423
PS	batch1_WT_3	WT	21044953488.764412	389721360.9030446	28.537867767907155
PS	batch1_WT_4	WT	23579865026.268494	436664167.15312046	28.701948906906953
PS	batch2_HO_10	HO	3916672006.390744	75320615.5075143	26.16654145367525
PS	batch2_HO_11	HO	5657976630.1391535	108807242.88729142	26.697199353644745
PS	batch2_HO_12	HO	6910940010.237518	132902692.50456765	26.985795091881837
PS	batch2_HO_9	HO	3323307077.893939	63909751.49796036	25.929532741931506
PS	batch2_QC_0	NA	4516582742.4217005	86857360.43118654	26.372144774605246
PS	batch2_QC_1	NA	4558972991.610114	87672557.53096373	26.385621998220582
PS	batch2_QC_2	NA	4612253520.255677	88697183.0818399	26.40238495116864
PS	batch2_QC_3	NA	4368305037.520527	84005866.10616395	26.323986738612245
PS	batch2_WT_1	WT	3673910008.023338	70652115.53891034	26.074229424088536
PS	batch2_WT_2	WT	2828187044.34829	54388212.39131327	25.696790672905593
PS	batch2_WT_3	WT	2554013047.999145	49115635.53844509	25.549679031377448
PS	batch2_WT_5	WT	5347214083.759477	102831040.07229763	26.61570057420417
PS	batch3_HO_5	HO	7794837689.978363	162392451.8745492	27.27490933561072
PS	batch3_HO_6	HO	4227817058.337558	88079522.0486991	26.392303304550683
PS	batch3_HO_7	HO	5650784646.615569	117724680.13782437	26.81084156188754
PS	batch3_HO_8	HO	6445745397.71251	134286362.45234394	27.00073755737592
PS	batch3_QC_0	NA	5098513705.3189955	106219035.52747907	26.66246709398083
PS	batch3_QC_1	NA	5009643961.682095	104367582.53504366	26.637098427151063
PS	batch3_QC_2	NA	4801836402.826783	100038258.39222467	26.57597660546922
PS	batch3_QC_3	NA	4879274000.096601	101651541.66867921	26.599056854664166
PS	batch3_WT_1	WT	2440654641.7819796	50846971.70379124	25.599658518175957
PS	batch3_WT_2	WT	5311189158.666349	110649774.13888225	26.721425265375235
PS	batch3_WT_3	WT	5090527100.22316	106052647.92131579	26.66020540161057
PS	batch3_WT_4	WT	3441371655.9745007	71695242.8328021	26.09537405971874
SM	batch1_HO_5	HO	147421723132.19785	1675246853.7749753	30.64172655163238
SM	batch1_HO_6	HO	142479646805.4068	1619086895.5159867	30.59253327036536
SM	batch1_HO_7	HO	153344718587.2392	1742553620.3095376	30.698555904091126
SM	batch1_HO_8	HO	151780902253.29303	1724782980.1510572	30.68376770100378
SM	batch1_QC_1	NA	130127196119.2878	1478718137.7191796	30.461699936803388
SM	batch1_WT_1	WT	160229897724.42896	1820794292.3230557	30.761920794308132
SM	batch1_WT_2	WT	163463202390.78458	1857536390.80437	30.790743328717145
SM	batch1_WT_3	WT	149225586690.82324	1695745303.30481	30.659272350978938
SM	batch1_WT_4	WT	149268895401.21603	1696237447.7410903	30.65969099364001
SM	batch2_HO_10	HO	150755900207.60138	3207572344.8425837	31.578834658777012
SM	batch2_HO_11	HO	75225078480.29501	1600533584.6871283	30.5759058038802
SM	batch2_HO_12	HO	115999162796.72983	2468067293.547443	31.200734585079605
SM	batch2_HO_9	HO	82265278681.6963	1750325078.333964	30.704975744813144
SM	batch2_QC_0	NA	79152955533.83878	1684105436.890187	30.649335318113145
SM	batch2_QC_1	NA	88647919022.37544	1886125936.646285	30.812778861976614
SM	batch2_QC_2	NA	87169171704.96141	1854663227.7651355	30.78851009811428
SM	batch2_QC_3	NA	87846902966.45728	1869083041.8395169	30.799683522260676
SM	batch2_WT_1	WT	88283379958.73618	1878369786.3560884	30.80683396193315
SM	batch2_WT_2	WT	76568532658.09816	1629117716.1297476	30.60144370729154
SM	batch2_WT_3	WT	68122007102.292816	1449404406.431762	30.43281303946239
SM	batch2_WT_5	WT	80382481700.39302	1710265568.0934684	30.67157321653816
SM	batch3_HO_5	HO	132321175920.23578	2281399584.8316503	31.087272009346187
SM	batch3_HO_6	HO	199731558387.73425	3443647558.4092116	31.681290351031727
SM	batch3_HO_7	HO	172801449851.21997	2979335342.2624135	31.47234337078983
SM	batch3_HO_8	HO	139802027460.5698	2410379783.802929	31.166613331994117
SM	batch3_QC_0	NA	179542019907.7352	3095552067.374745	31.527549579690078
SM	batch3_QC_1	NA	177770160629.4963	3065002769.4740734	31.51324123149276
SM	batch3_QC_2	NA	185159800415.53006	3192410351.9918985	31.57199896129009
SM	batch3_QC_3	NA	145789799843.69537	2513617238.684403	31.22711783393821
SM	batch3_WT_1	WT	182225299888.17596	3141815515.313378	31.548951323301836
SM	batch3_WT_2	WT	151407901326.79587	2610481057.358549	31.281668543967243
SM	batch3_WT_3	WT	178637340598.50708	3079954148.250123	31.52026172744392
SM	batch3_WT_4	WT	172723520680.28818	2977991735.8670373	31.471692604333345
SPH	batch1_HO_5	HO	77892976.16151252	77892976.16151252	26.21498990631348
SPH	batch1_HO_6	HO	72564305.54782492	72564305.54782492	26.11275672382953
SPH	batch1_HO_7	HO	62687249.58450551	62687249.58450551	25.90166869684304
SPH	batch1_HO_8	HO	63933314.89054719	63933314.89054719	25.930064562560922
SPH	batch1_QC_1	NA	77262163.85	77262163.85	26.203258747320472
SPH	batch1_WT_1	WT	54794784.521237694	54794784.521237694	25.707535245291048
SPH	batch1_WT_2	WT	55167932.338666074	55167932.338666074	25.717326574342664
SPH	batch1_WT_3	WT	61272078.62622989	61272078.62622989	25.868726459102554
SPH	batch1_WT_4	WT	66635890.80332241	66635890.80332241	25.98979610182297
SPH	batch2_HO_10	HO	964281887.3782818	192856377.47565636	27.522951613649315
SPH	batch2_HO_11	HO	2160420152.7722073	432084030.55444145	28.68673667027265
SPH	batch2_HO_12	HO	743695579.2009923	148739115.8401985	27.14820886047491
SPH	batch2_HO_9	HO	884169782.1995354	176833956.43990707	27.397820093124842
SPH	batch2_QC_0	NA	1503090762.326862	300618152.46537244	28.16335688638737
SPH	batch2_QC_1	NA	1497642640.7211301	299528528.144226	28.158118175976572
SPH	batch2_QC_2	NA	1520820486.2871554	304164097.25743103	28.1802746302234
SPH	batch2_QC_3	NA	1614164608.2765331	322832921.65530664	28.266212467476098
SPH	batch2_WT_1	WT	4035550680.0422287	807110136.0084457	29.588190312195128
SPH	batch2_WT_2	WT	2748550423.736737	549710084.7473474	29.0340957057868
SPH	batch2_WT_3	WT	831549103.7160623	166309820.74321246	27.309298122668142
SPH	batch2_WT_5	WT	783848500.2249663	156769700.04499325	27.224071505931057
SPH	batch3_HO_5	HO	1549811200.5591273	154981120.05591273	27.207517234851846
SPH	batch3_HO_6	HO	685828245.7999511	68582824.57999511	26.031343987027476
SPH	batch3_HO_7	HO	536498892.78176016	53649889.27817602	25.67707185778439
SPH	batch3_HO_8	HO	1111982763.3377337	111198276.33377337	26.728559184354662
SPH	batch3_QC_0	NA	1176857240.165311	117685724.01653111	26.81036408253639
SPH	batch3_QC_1	NA	1162808948.809574	116280894.88095738	26.793038838500898
SPH	batch3_QC_2	NA	1172856485.1270485	117285648.51270483	26.805451249990856
SPH	batch3_QC_3	NA	1211670533.9522228	121167053.39522229	26.852422227175822
SPH	batch3_WT_1	WT	1806030616.0837305	180603061.60837305	27.428247108893196
SPH	batch3_WT_2	WT	1023966828.8924994	102396682.88924995	26.609593739507705
SPH	batch3_WT_3	WT	1211254888.7298608	121125488.87298606	26.85192724759342
SPH	batch3_WT_4	WT	1497266633.9116087	149726663.39116085	27.157755919151715
SPHP	batch1_HO_5	HO	77563825.15257148	25854608.384190492	24.623918116916663
SPHP	batch1_HO_6	HO	317311242.8810948	105770414.29369827	26.65636089769648
SPHP	batch1_HO_7	HO	183738968.66653806	61246322.88884602	25.868119894297823
SPHP	batch1_HO_8	HO	229111293.0230262	76370431.0076754	26.186510830013713
SPHP	batch1_QC_1	NA	248946354.04	82982118.01333334	26.306297144852504
SPHP	batch1_WT_1	WT	269855948.343648	89951982.781216	26.422651746878973
SPHP	batch1_WT_2	WT	222026863.79161483	74008954.59720494	26.14119650213432
SPHP	batch1_WT_3	WT	196418421.4918431	65472807.1639477	25.964392500396052
SPHP	batch1_WT_4	WT	158246545.43619686	52748848.47873228	25.652636263962087
StE	batch1_HO_5	HO	0	0	-19.931568569324174
StE	batch1_HO_6	HO	42743143.36857587	42743143.36857587	25.3491896731803
StE	batch1_HO_7	HO	0	0	-19.931568569324174
StE	batch1_HO_8	HO	0	0	-19.931568569324174
StE	batch1_QC_1	NA	2783474.181	2783474.181	21.40845527041383
StE	batch1_WT_1	WT	0	0	-19.931568569324174
StE	batch1_WT_2	WT	0	0	-19.931568569324174
StE	batch1_WT_3	WT	0	0	-19.931568569324174
StE	batch1_WT_4	WT	0	0	-19.931568569324174
TG	batch1_HO_5	HO	12635525296.159555	90253752.11542533	26.42748357455812
TG	batch1_HO_6	HO	43204856718.33521	308606119.41668016	28.201191428799405
TG	batch1_HO_7	HO	16198662878.555197	115704734.84682286	26.785872662440266
TG	batch1_HO_8	HO	14242123815.177622	101729455.82269734	26.600162231965903
TG	batch1_QC_1	NA	16771144417.911701	119793888.69936928	26.835979069829925
TG	batch1_WT_1	WT	11416122584.91062	81543732.74936159	26.28107066341886
TG	batch1_WT_2	WT	6939942264.62357	49571016.17588265	25.562993497699654
TG	batch1_WT_3	WT	15784140178.896172	112743858.42068698	26.74847360572951
TG	batch1_WT_4	WT	11202729382.689445	80019495.59063894	26.253848198778883
TG	batch2_HO_10	HO	21380536673.29365	207578025.9543072	27.629078488321404
TG	batch2_HO_11	HO	106766170959.58481	1036564766.5979103	29.94916311566316
TG	batch2_HO_12	HO	17825553639.798965	173063627.57086384	27.366727307391187
TG	batch2_HO_9	HO	58571845922.967285	568658698.2812357	29.08298778415808
TG	batch2_QC_0	NA	43138719752.55581	418822521.86947376	28.641763783305933
TG	batch2_QC_1	NA	43284419625.45675	420237083.74229836	28.646628237079565
TG	batch2_QC_2	NA	43384624389.717415	421209945.53123707	28.64996426051286
TG	batch2_QC_3	NA	43456005044.45037	421902961.59660566	28.652335973856307
TG	batch2_WT_1	WT	46397979584.810036	450465821.2117477	28.746842405783813
TG	batch2_WT_2	WT	12072629773.998543	117209997.80581108	26.804520393446822
TG	batch2_WT_3	WT	17501936376.540546	169921712.39359757	27.34029496925017
TG	batch2_WT_5	WT	15446816058.100021	149969087.94271863	27.1600899180359
TG	batch3_HO_5	HO	20713421926.61301	149017423.93246773	27.150905787446106
TG	batch3_HO_6	HO	14087804732.255426	101351113.18169375	26.59478669371418
TG	batch3_HO_7	HO	16552911300.436598	119085692.80889641	26.827424854471175
TG	batch3_HO_8	HO	26303657851.792465	189234948.5740465	27.495603314363386
TG	batch3_QC_0	NA	18581190523.705124	133677629.66694328	26.99418281638635
TG	batch3_QC_1	NA	19431822124.031174	139797281.46785015	27.058761065084184
TG	batch3_QC_2	NA	19241508158.434643	138428116.24773127	27.04456175880391
TG	batch3_QC_3	NA	19292539969.859425	138795251.58172247	27.04838297084301
TG	batch3_WT_1	WT	16372608994.811226	117788553.91950524	26.811624111460194
TG	batch3_WT_2	WT	20525640653.142807	147666479.519013	27.137767128734822
TG	batch3_WT_3	WT	15579528579.53496	112082939.42111483	26.739991455746324
TG	batch3_WT_4	WT	20101297591.848858	144613651.73991984	27.10762851033552
ZyE	batch1_HO_5	HO	22393839.734031647	22393839.734031647	24.41659858366165
ZyE	batch1_HO_6	HO	24449261.014379535	24449261.014379535	24.543287524194756
ZyE	batch1_HO_7	HO	19434963.01782181	19434963.01782181	24.212151026632437
ZyE	batch1_HO_8	HO	22828037.079179417	22828037.079179417	24.444303475684702
ZyE	batch1_QC_1	NA	22172975.66	22172975.66	24.402299060120463
ZyE	batch1_WT_1	WT	27173017.76523947	27173017.76523947	24.695671460657763
ZyE	batch1_WT_2	WT	17972189.825191002	17972189.825191002	24.099262869245667
ZyE	batch1_WT_3	WT	22948225.613928095	22948225.613928095	24.451879271142566
ZyE	batch1_WT_4	WT	25186278.384886034	25186278.384886034	24.586134624222122
